it,alpha,cz_lp,cz_round,d_lp,d_round,d_lp_n,d_round_n,delta,delta_n,frac,dist,viol_max,viol_sum,feas,improving,ub,ub_eff,ub_free,z_best,stall,t
0,0,3,3,-0.5,-0.5,-0.5,-0.5,0,0,2934.319884,2934.319884,1,1653,0,0,3.5,0,1,0,0,0.002973794937
1,0,3.5,3,0,-0.5,0,-0.5,-0.5,-0.5,1373,1373,1,1266,0,0,3.5,3.5,0,0,1,2.8697896
2,0,3.5,3,0,-0.5,0,-0.5,-0.5,-0.5,1250.833333,1250.833333,1,1220,0,0,3.5,3.5,0,0,2,2.981903791
3,0,3.5,3,0,-0.5,0,-0.5,-0.5,-0.5,1241.833333,1241.833333,1,1212,0,0,3.5,3.5,0,0,3,3.069582701
4,0,3.5,3,0,-0.5,0,-0.5,-0.5,-0.5,1241.833333,1241.833333,1,1207,0,0,3.5,3.5,0,0,4,3.157275915
5,0,3.5,3,0,-0.5,0,-0.5,-0.5,-0.5,1228.833333,1228.833333,1,1197,0,0,3.5,3.5,0,0,5,3.243138075
6,0,3.5,3,0,-0.5,0,-0.5,-0.5,-0.5,1227.833333,1227.833333,1,1198,0,0,3.5,3.5,0,0,6,3.328440189
7,0,3.5,3,0,-0.5,0,-0.5,-0.5,-0.5,1227.833333,1227.833333,1,1198,0,0,3.5,3.5,0,0,7,3.406259298
8,0,3.5,3,0,-0.5,0,-0.5,-0.5,-0.5,1226.833333,1226.833333,1,1197,0,0,3.5,3.5,0,0,8,3.491619349
9,0,3.5,3,0,-0.5,0,-0.5,-0.5,-0.5,1226.833333,1226.833333,1,1196,0,0,3.5,3.5,0,0,9,3.561189413
10,0,3.5,3,0,-0.5,0,-0.5,-0.5,-0.5,1214.833333,1214.833333,1,1183,0,0,3.5,3.5,0,0,10,3.646981955
11,0,3.5,3,0,-0.5,0,-0.5,-0.5,-0.5,1213.833333,1213.833333,1,1184,0,0,3.5,3.5,0,0,11,3.732211113
12,0,3.5,3,0,-0.5,0,-0.5,-0.5,-0.5,1213.833333,1213.833333,1,1177,0,0,3.5,3.5,0,0,12,3.801706553
13,0,3.5,3,0,-0.5,0,-0.5,-0.5,-0.5,1209.833333,1209.833333,1,1180,0,0,3.5,3.5,0,0,13,3.887015581
14,0,3.5,3,0,-0.5,0,-0.5,-0.5,-0.5,1209.833333,1209.833333,1,1178,0,0,3.5,3.5,0,0,14,3.973329544
15,0,3.5,3,0,-0.5,0,-0.5,-0.5,-0.5,1205.833333,1205.833333,1,1176,0,0,3.5,3.5,0,0,15,4.059144497
16,0,3.5,3,0,-0.5,0,-0.5,-0.5,-0.5,1205.833333,1205.833333,1,1178,0,0,3.5,3.5,0,0,16,4.145279169
17,0,3.5,3,0,-0.5,0,-0.5,-0.5,-0.5,1201.833333,1201.833333,1,1172,0,0,3.5,3.5,0,0,17,4.231048107
18,0,3.5,3,0,-0.5,0,-0.5,-0.5,-0.5,1198.833333,1198.833333,1,1169,0,0,3.5,3.5,0,0,18,4.316293716
19,0,3.5,3,0,-0.5,0,-0.5,-0.5,-0.5,1197.833333,1197.833333,1,1168,0,0,3.5,3.5,0,0,19,4.393013477
20,0,3.5,3,0,-0.5,0,-0.5,-0.5,-0.5,1197.833333,1197.833333,1,1164,0,0,3.5,3.5,0,0,20,4.470795155
21,0,3.5,3,0,-0.5,0,-0.5,-0.5,-0.5,1195.833333,1195.833333,1,1166,0,0,3.5,3.5,0,0,21,4.556393862
22,0,3.5,3,0,-0.5,0,-0.5,-0.5,-0.5,1195.833333,1195.833333,1,1167,0,0,3.5,3.5,0,0,22,4.642466784
23,0,3.5,3,0,-0.5,0,-0.5,-0.5,-0.5,1195.833333,1195.833333,1,1166,0,0,3.5,3.5,0,0,23,4.727902889
24,0,3.5,3,0,-0.5,0,-0.5,-0.5,-0.5,1195.833333,1195.833333,1,1170,0,0,3.5,3.5,0,0,24,4.80555582
25,0,3.5,3,0,-0.5,0,-0.5,-0.5,-0.5,1189.833333,1189.833333,1,1160,0,0,3.5,3.5,0,0,25,4.891544104
26,0,3.5,3,0,-0.5,0,-0.5,-0.5,-0.5,1189.833333,1189.833333,1,1156,0,0,3.5,3.5,0,0,26,4.97796154
27,0,3.5,3,0,-0.5,0,-0.5,-0.5,-0.5,1188.833333,1188.833333,1,1159,0,0,3.5,3.5,0,0,27,5.063557625
28,0,3.5,3,0,-0.5,0,-0.5,-0.5,-0.5,1188.833333,1188.833333,1,1160,0,0,3.5,3.5,0,0,28,5.141403675
29,0,3.5,3,0,-0.5,0,-0.5,-0.5,-0.5,1187.833333,1187.833333,1,1158,0,0,3.5,3.5,0,0,29,5.226685047
30,0,3.5,3,0,-0.5,0,-0.5,-0.5,-0.5,1187.833333,1187.833333,1,1155,0,0,3.5,3.5,0,0,30,5.312962055
31,0,3.5,3,0,-0.5,0,-0.5,-0.5,-0.5,1184.833333,1184.833333,1,1155,0,0,3.5,3.5,0,0,31,5.398868084
32,0,3.5,3,0,-0.5,0,-0.5,-0.5,-0.5,1184.833333,1184.833333,1,1156,0,0,3.5,3.5,0,0,32,5.485057831
33,0,3.5,3,0,-0.5,0,-0.5,-0.5,-0.5,1172.833333,1172.833333,1,1143,0,0,3.5,3.5,0,0,33,5.571216822
34,0,3.5,3,0,-0.5,0,-0.5,-0.5,-0.5,1169.833333,1169.833333,1,1140,0,0,3.5,3.5,0,0,34,5.656641722
35,0,3.5,3,0,-0.5,0,-0.5,-0.5,-0.5,1169.833333,1169.833333,1,1134,0,0,3.5,3.5,0,0,35,5.734581232
36,0,3.5,2,0,-1.5,0,-1.5,-1.5,-1.5,1169.833333,8036,3,21769,0,0,3.5,3.5,0,0,36,5.820585012
37,0,3.5,3,0,-0.5,0,-0.5,-0.5,-0.5,2406.166667,2406.166667,1,2327,0,0,3.5,3.5,0,0,37,6.070596695
38,0,3.5,3,0,-0.5,0,-0.5,-0.5,-0.5,2071,2071,1,2060,0,0,3.5,3.5,0,0,38,6.291189432
39,0,3.5,3,0,-0.5,0,-0.5,-0.5,-0.5,2033,2033,1,2026,0,0,3.5,3.5,0,0,39,6.406812191
40,0,3.5,3,0,-0.5,0,-0.5,-0.5,-0.5,2017,2017,1,2010,0,0,3.5,3.5,0,0,40,6.501464844
41,0,3.5,3,0,-0.5,0,-0.5,-0.5,-0.5,2009,2009,1,2002,0,0,3.5,3.5,0,0,41,6.586429834
42,0,3.5,3,0,-0.5,0,-0.5,-0.5,-0.5,2009,2009,1,2001,0,0,3.5,3.5,0,0,42,6.672302008
43,0,3.5,3,0,-0.5,0,-0.5,-0.5,-0.5,1991,1991,1,1984,0,0,3.5,3.5,0,0,43,6.758000135
44,0,3.5,3,0,-0.5,0,-0.5,-0.5,-0.5,1984,1984,1,1977,0,0,3.5,3.5,0,0,44,6.842920303
45,0,3.5,3,0,-0.5,0,-0.5,-0.5,-0.5,1983,1983,1,1976,0,0,3.5,3.5,0,0,45,6.928214788
46,0,3.5,3,0,-0.5,0,-0.5,-0.5,-0.5,1983,1983,1,1979,0,0,3.5,3.5,0,0,46,6.99800849
47,0,3.5,3,0,-0.5,0,-0.5,-0.5,-0.5,1980,1980,1,1973,0,0,3.5,3.5,0,0,47,7.083130598
48,0,3.5,3,0,-0.5,0,-0.5,-0.5,-0.5,1980,1980,1,1970,0,0,3.5,3.5,0,0,48,7.160721064
49,0,3.5,3,0,-0.5,0,-0.5,-0.5,-0.5,1971,1971,1,1964,0,0,3.5,3.5,0,0,49,7.245890141
50,0,3.5,3,0,-0.5,0,-0.5,-0.5,-0.5,1971,1971,1,1958,0,0,3.5,3.5,0,0,50,7.331851482
51,0,3.5,3,0,-0.5,0,-0.5,-0.5,-0.5,1961,1961,1,1954,0,0,3.5,3.5,0,0,51,7.417550087
52,0,3.5,3,0,-0.5,0,-0.5,-0.5,-0.5,1961,1961,1,1950,0,0,3.5,3.5,0,0,52,7.503723621
53,0,3.5,3,0,-0.5,0,-0.5,-0.5,-0.5,1940,1940,1,1933,0,0,3.5,3.5,0,0,53,7.597397804
54,0,3.5,3,0,-0.5,0,-0.5,-0.5,-0.5,1938,1938,1,1931,0,0,3.5,3.5,0,0,54,7.682493687
55,0,3.5,3,0,-0.5,0,-0.5,-0.5,-0.5,1938,1938,1,1935,0,0,3.5,3.5,0,0,55,7.752272606
56,0,3.5,3,0,-0.5,0,-0.5,-0.5,-0.5,1933,1933,1,1926,0,0,3.5,3.5,0,0,56,7.837911844
57,0,3.5,3,0,-0.5,0,-0.5,-0.5,-0.5,1933,1933,1,1929,0,0,3.5,3.5,0,0,57,7.924018145
58,0,3.5,3,0,-0.5,0,-0.5,-0.5,-0.5,1933,8603.5,3,18866,0,0,3.5,3.5,0,0,58,8.009874344
59,0,3.5,3,0,-0.5,0,-0.5,-0.5,-0.5,2756.666667,2756.666667,1,2668,0,0,3.5,3.5,0,0,59,8.507653952
60,0,3.5,3,0,-0.5,0,-0.5,-0.5,-0.5,2266.5,2266.5,1,2252,0,0,3.5,3.5,0,0,60,8.768947363
61,0,3.5,3,0,-0.5,0,-0.5,-0.5,-0.5,2214,2214,1,2205,0,0,3.5,3.5,0,0,61,8.921122313
62,0,3.5,3,0,-0.5,0,-0.5,-0.5,-0.5,2211,2211,1,2202,0,0,3.5,3.5,0,0,62,9.006286144
63,0,3.5,3,0,-0.5,0,-0.5,-0.5,-0.5,2210,2210,1,2201,0,0,3.5,3.5,0,0,63,9.091493607
64,0,3.5,3,0,-0.5,0,-0.5,-0.5,-0.5,2210,2210,1,2201,0,0,3.5,3.5,0,0,64,9.177471161
65,0,3.5,3,0,-0.5,0,-0.5,-0.5,-0.5,2199.5,2199.5,1,2189,0,0,3.5,3.5,0,0,65,9.262718916
66,0,3.5,3,0,-0.5,0,-0.5,-0.5,-0.5,2193,2193,1,2184,0,0,3.5,3.5,0,0,66,9.348037243
67,0,3.5,3,0,-0.5,0,-0.5,-0.5,-0.5,2193,2193,1,2178,0,0,3.5,3.5,0,0,67,9.426000357
68,0,3.5,3,0,-0.5,0,-0.5,-0.5,-0.5,2176,2176,1,2167,0,0,3.5,3.5,0,0,68,9.511840343
69,0,3.5,3,0,-0.5,0,-0.5,-0.5,-0.5,2176,2176,1,2178,0,0,3.5,3.5,0,0,69,9.598125219
70,0,3.5,3,0,-0.5,0,-0.5,-0.5,-0.5,2166,2166,1,2157,0,0,3.5,3.5,0,0,70,9.683801174
71,0,3.5,3,0,-0.5,0,-0.5,-0.5,-0.5,2163,2163,1,2154,0,0,3.5,3.5,0,0,71,9.768890619
72,0,3.5,3,0,-0.5,0,-0.5,-0.5,-0.5,2163,2163,1,2157,0,0,3.5,3.5,0,0,72,9.846702814
73,0,3.5,3,0,-0.5,0,-0.5,-0.5,-0.5,2163,2163,1,2154,0,0,3.5,3.5,0,0,73,9.923652887
74,0,3.5,3,0,-0.5,0,-0.5,-0.5,-0.5,2163,2163,1,2170,0,0,3.5,3.5,0,0,74,10.00149822
75,0,3.5,3,0,-0.5,0,-0.5,-0.5,-0.5,2160,2160,1,2151,0,0,3.5,3.5,0,0,75,10.08651686
76,0,3.5,3,0,-0.5,0,-0.5,-0.5,-0.5,2160,2160,1,2159,0,0,3.5,3.5,0,0,76,10.17267299
77,0,3.5,4,0,0.5,0,0.5,0.5,0.5,2160,8577.5,3,13928,0,0,3.5,3.5,0,0,77,10.24239516
78,0,3.5,3,0,-0.5,0,-0.5,-0.5,-0.5,2747.083333,2747.083333,1,2661,0,0,3.5,3.5,0,0,78,10.91648889
79,0,3.5,3,0,-0.5,0,-0.5,-0.5,-0.5,2350,2350,1,2338,0,0,3.5,3.5,0,0,79,11.1894176
80,0,3.5,3,0,-0.5,0,-0.5,-0.5,-0.5,2318.5,2318.5,1,2305,0,0,3.5,3.5,0,0,80,11.31238842
81,0,3.5,3,0,-0.5,0,-0.5,-0.5,-0.5,2312,2312,1,2302,0,0,3.5,3.5,0,0,81,11.39798784
82,0,3.5,3,0,-0.5,0,-0.5,-0.5,-0.5,2312,2312,1,2307,0,0,3.5,3.5,0,0,82,11.48410916
83,0,3.5,3,0,-0.5,0,-0.5,-0.5,-0.5,2304,2304,1,2294,0,0,3.5,3.5,0,0,83,11.5696733
84,0,3.5,3,0,-0.5,0,-0.5,-0.5,-0.5,2304,2304,1,2295,0,0,3.5,3.5,0,0,84,11.65565491
85,0,3.5,3,0,-0.5,0,-0.5,-0.5,-0.5,2298,2298,1,2288,0,0,3.5,3.5,0,0,85,11.74067903
86,0,3.5,3,0,-0.5,0,-0.5,-0.5,-0.5,2298,2298,1,2295,0,0,3.5,3.5,0,0,86,11.81834054
87,0,3.5,3,0,-0.5,0,-0.5,-0.5,-0.5,2295,2295,1,2285,0,0,3.5,3.5,0,0,87,11.9035244
88,0,3.5,3,0,-0.5,0,-0.5,-0.5,-0.5,2288,2288,1,2278,0,0,3.5,3.5,0,0,88,11.98843932
89,0,3.5,3,0,-0.5,0,-0.5,-0.5,-0.5,2288,2288,1,2287,0,0,3.5,3.5,0,0,89,12.07437944
90,0,3.5,3,0,-0.5,0,-0.5,-0.5,-0.5,2287,2287,1,2277,0,0,3.5,3.5,0,0,90,12.15954494
91,0,3.5,3,0,-0.5,0,-0.5,-0.5,-0.5,2287,2287,1,2286,0,0,3.5,3.5,0,0,91,12.22915268
92,0,3.5,3,0,-0.5,0,-0.5,-0.5,-0.5,2279.5,2279.5,1,2268,0,0,3.5,3.5,0,0,92,12.31453967
93,0,3.5,3,0,-0.5,0,-0.5,-0.5,-0.5,2279.5,2279.5,1,2267,0,0,3.5,3.5,0,0,93,12.4011023
94,0,3.5,3,0,-0.5,0,-0.5,-0.5,-0.5,2275.5,2275.5,1,2264,0,0,3.5,3.5,0,0,94,12.4857893
95,0,3.5,3,0,-0.5,0,-0.5,-0.5,-0.5,2275.5,2275.5,1,2261,0,0,3.5,3.5,0,0,95,12.5717032
96,0,3.5,3,0,-0.5,0,-0.5,-0.5,-0.5,2263.5,2263.5,1,2252,0,0,3.5,3.5,0,0,96,12.65679216
97,0,3.5,3,0,-0.5,0,-0.5,-0.5,-0.5,2263.5,2263.5,1,2256,0,0,3.5,3.5,0,0,97,12.74277544
98,0,3.5,3,0,-0.5,0,-0.5,-0.5,-0.5,2263.5,8666.5,3,19127,0,0,3.5,3.5,0,0,98,12.8286643
99,0,3.5,3,0,-0.5,0,-0.5,-0.5,-0.5,2735.666667,2735.666667,1,2673,0,0,3.5,3.5,0,0,99,13.66904402
100,0,3.5,3,0,-0.5,0,-0.5,-0.5,-0.5,2332,2332,1,2316,0,0,3.5,3.5,0,0,100,13.93596292
101,0,3.5,3,0,-0.5,0,-0.5,-0.5,-0.5,2290.5,2290.5,1,2281,0,0,3.5,3.5,0,0,101,14.0630753
102,0,3.5,3,0,-0.5,0,-0.5,-0.5,-0.5,2287.5,2287.5,1,2278,0,0,3.5,3.5,0,0,102,14.15598559
103,0,3.5,3,0,-0.5,0,-0.5,-0.5,-0.5,2287.5,2287.5,1,2277,0,0,3.5,3.5,0,0,103,14.2254343
104,0,3.5,3,0,-0.5,0,-0.5,-0.5,-0.5,2286.5,2286.5,1,2277,0,0,3.5,3.5,0,0,104,14.3103385
105,0,3.5,3,0,-0.5,0,-0.5,-0.5,-0.5,2286.5,2286.5,1,2271,0,0,3.5,3.5,0,0,105,14.38808346
106,0,3.5,3,0,-0.5,0,-0.5,-0.5,-0.5,2275.5,2275.5,1,2266,0,0,3.5,3.5,0,0,106,14.47310281
107,0,3.5,3,0,-0.5,0,-0.5,-0.5,-0.5,2275.5,2275.5,1,2269,0,0,3.5,3.5,0,0,107,14.55895185
108,0,3.5,3,0,-0.5,0,-0.5,-0.5,-0.5,2270.5,2270.5,1,2261,0,0,3.5,3.5,0,0,108,14.64380145
109,0,3.5,3,0,-0.5,0,-0.5,-0.5,-0.5,2266.5,2266.5,1,2257,0,0,3.5,3.5,0,0,109,14.72858667
110,0,3.5,3,0,-0.5,0,-0.5,-0.5,-0.5,2266.5,2266.5,1,2261,0,0,3.5,3.5,0,0,110,14.81437397
111,0,3.5,3,0,-0.5,0,-0.5,-0.5,-0.5,2264.5,2264.5,1,2255,0,0,3.5,3.5,0,0,111,14.9004755
112,0,3.5,3,0,-0.5,0,-0.5,-0.5,-0.5,2264.5,2264.5,1,2257,0,0,3.5,3.5,0,0,112,14.98605776
113,0,3.5,2,0,-1.5,0,-1.5,-1.5,-1.5,2264.5,8720.5,3,24404,0,0,3.5,3.5,0,0,113,15.05568862
114,0,3.5,3,0,-0.5,0,-0.5,-0.5,-0.5,2747.333333,2747.333333,1,2656,0,0,3.5,3.5,0,0,114,15.8112669
115,0,3.5,3,0,-0.5,0,-0.5,-0.5,-0.5,2341.5,2341.5,1,2330,0,0,3.5,3.5,0,0,115,16.06821465
116,0,3.5,3,0,-0.5,0,-0.5,-0.5,-0.5,2309,2309,1,2299,0,0,3.5,3.5,0,0,116,16.19538546
117,0,3.5,3,0,-0.5,0,-0.5,-0.5,-0.5,2308,2308,1,2300,0,0,3.5,3.5,0,0,117,16.2806735
118,0,3.5,3,0,-0.5,0,-0.5,-0.5,-0.5,2308,2308,1,2292,0,0,3.5,3.5,0,0,118,16.3766675
119,0,3.5,3,0,-0.5,0,-0.5,-0.5,-0.5,2295,2295,1,2287,0,0,3.5,3.5,0,0,119,16.46233368
120,0,3.5,3,0,-0.5,0,-0.5,-0.5,-0.5,2291,2291,1,2283,0,0,3.5,3.5,0,0,120,16.5476656
121,0,3.5,3,0,-0.5,0,-0.5,-0.5,-0.5,2291,2291,1,2280,0,0,3.5,3.5,0,0,121,16.6335454
122,0,3.5,3,0,-0.5,0,-0.5,-0.5,-0.5,2275,2275,1,2267,0,0,3.5,3.5,0,0,122,16.71886516
123,0,3.5,3,0,-0.5,0,-0.5,-0.5,-0.5,2274,2274,1,2266,0,0,3.5,3.5,0,0,123,16.80426335
124,0,3.5,3,0,-0.5,0,-0.5,-0.5,-0.5,2274,2274,1,2274,0,0,3.5,3.5,0,0,124,16.89015436
125,0,3.5,3,0,-0.5,0,-0.5,-0.5,-0.5,2268,2268,1,2260,0,0,3.5,3.5,0,0,125,16.97508645
126,0,3.5,3,0,-0.5,0,-0.5,-0.5,-0.5,2268,2268,1,2260,0,0,3.5,3.5,0,0,126,17.05274224
127,0,3.5,3,0,-0.5,0,-0.5,-0.5,-0.5,2261,2261,1,2253,0,0,3.5,3.5,0,0,127,17.13766861
128,0,3.5,3,0,-0.5,0,-0.5,-0.5,-0.5,2261,2261,1,2264,0,0,3.5,3.5,0,0,128,17.22334957
129,0,3.5,3,0,-0.5,0,-0.5,-0.5,-0.5,2258,2258,1,2250,0,0,3.5,3.5,0,0,129,17.30831337
130,0,3.5,3,0,-0.5,0,-0.5,-0.5,-0.5,2255,2255,1,2247,0,0,3.5,3.5,0,0,130,17.39301205
131,0,3.5,3,0,-0.5,0,-0.5,-0.5,-0.5,2255,2255,1,2246,0,0,3.5,3.5,0,0,131,17.46265221
132,0,3.5,3,0,-0.5,0,-0.5,-0.5,-0.5,2253,2253,1,2245,0,0,3.5,3.5,0,0,132,17.54750371
133,0,3.5,3,0,-0.5,0,-0.5,-0.5,-0.5,2253,2253,1,2250,0,0,3.5,3.5,0,0,133,17.6333344
134,0,3.5,3,0,-0.5,0,-0.5,-0.5,-0.5,2245,2245,1,2237,0,0,3.5,3.5,0,0,134,17.71843314
135,0,3.5,3,0,-0.5,0,-0.5,-0.5,-0.5,2244,2244,1,2236,0,0,3.5,3.5,0,0,135,17.80319166
136,0,3.5,3,0,-0.5,0,-0.5,-0.5,-0.5,2244,2244,1,2236,0,0,3.5,3.5,0,0,136,17.87285137
137,0,3.5,3,0,-0.5,0,-0.5,-0.5,-0.5,2239,2239,1,2231,0,0,3.5,3.5,0,0,137,17.95776629
138,0,3.5,3,0,-0.5,0,-0.5,-0.5,-0.5,2239,2239,1,2241,0,0,3.5,3.5,0,0,138,18.04370379
139,0,3.5,3,0,-0.5,0,-0.5,-0.5,-0.5,2238,2238,1,2230,0,0,3.5,3.5,0,0,139,18.12029457
140,0,3.5,3,0,-0.5,0,-0.5,-0.5,-0.5,2238,2238,1,2232,0,0,3.5,3.5,0,0,140,18.18984532
141,0,3.5,3,0,-0.5,0,-0.5,-0.5,-0.5,2236,2236,1,2228,0,0,3.5,3.5,0,0,141,18.27480555
142,0,3.5,3,0,-0.5,0,-0.5,-0.5,-0.5,2236,2236,1,2231,0,0,3.5,3.5,0,0,142,18.34444809
143,0,3.5,3,0,-0.5,0,-0.5,-0.5,-0.5,2236,8773.5,3,19401,0,0,3.5,3.5,0,0,143,18.43016982
144,0,3.5,3,0,-0.5,0,-0.5,-0.5,-0.5,2735.666667,2735.666667,1,2696,0,0,3.5,3.5,0,0,144,19.20045137
145,0,3.5,3,0,-0.5,0,-0.5,-0.5,-0.5,2343,2343,1,2338,0,0,3.5,3.5,0,0,145,19.43844366
146,0,3.5,3,0,-0.5,0,-0.5,-0.5,-0.5,2319,2319,1,2317,0,0,3.5,3.5,0,0,146,19.55979013
147,0,3.5,3,0,-0.5,0,-0.5,-0.5,-0.5,2317,2317,1,2315,0,0,3.5,3.5,0,0,147,19.65370965
148,0,3.5,3,0,-0.5,0,-0.5,-0.5,-0.5,2317,2317,1,2319,0,0,3.5,3.5,0,0,148,19.73970056
149,0,3.5,3,0,-0.5,0,-0.5,-0.5,-0.5,2310,2310,1,2308,0,0,3.5,3.5,0,0,149,19.8248992
150,0,3.5,3,0,-0.5,0,-0.5,-0.5,-0.5,2310,2310,1,2309,0,0,3.5,3.5,0,0,150,19.9107964
151,0,3.5,3,0,-0.5,0,-0.5,-0.5,-0.5,2302,2302,1,2300,0,0,3.5,3.5,0,0,151,20.00242472
152,0,3.5,3,0,-0.5,0,-0.5,-0.5,-0.5,2302,2302,1,2304,0,0,3.5,3.5,0,0,152,20.08840466
153,0,3.5,3,0,-0.5,0,-0.5,-0.5,-0.5,2300,2300,1,2298,0,0,3.5,3.5,0,0,153,20.17393899
154,0,3.5,3,0,-0.5,0,-0.5,-0.5,-0.5,2300,2300,1,2304,0,0,3.5,3.5,0,0,154,20.25992274
155,0,3.5,3,0,-0.5,0,-0.5,-0.5,-0.5,2293.5,2293.5,1,2288,0,0,3.5,3.5,0,0,155,20.34528542
156,0,3.5,3,0,-0.5,0,-0.5,-0.5,-0.5,2292,2292,1,2290,0,0,3.5,3.5,0,0,156,20.43012214
157,0,3.5,3,0,-0.5,0,-0.5,-0.5,-0.5,2292,2292,1,2290,0,0,3.5,3.5,0,0,157,20.49973941
158,0,3.5,3,0,-0.5,0,-0.5,-0.5,-0.5,2286,2286,1,2284,0,0,3.5,3.5,0,0,158,20.5847702
159,0,3.5,3,0,-0.5,0,-0.5,-0.5,-0.5,2282,2282,1,2280,0,0,3.5,3.5,0,0,159,20.66989827
160,0,3.5,3,0,-0.5,0,-0.5,-0.5,-0.5,2282,2282,1,2277,0,0,3.5,3.5,0,0,160,20.75563216
161,0,3.5,3,0,-0.5,0,-0.5,-0.5,-0.5,2279,2279,1,2277,0,0,3.5,3.5,0,0,161,20.84088159
162,0,3.5,3,0,-0.5,0,-0.5,-0.5,-0.5,2277,2277,1,2275,0,0,3.5,3.5,0,0,162,20.92564797
163,0,3.5,3,0,-0.5,0,-0.5,-0.5,-0.5,2277,2277,1,2287,0,0,3.5,3.5,0,0,163,20.9953022
164,0,3.5,3,0,-0.5,0,-0.5,-0.5,-0.5,2274,2274,1,2272,0,0,3.5,3.5,0,0,164,21.08034849
165,0,3.5,3,0,-0.5,0,-0.5,-0.5,-0.5,2273,2273,1,2271,0,0,3.5,3.5,0,0,165,21.16514516
166,0,3.5,3,0,-0.5,0,-0.5,-0.5,-0.5,2273,2273,1,2275,0,0,3.5,3.5,0,0,166,21.23488545
167,0,3.5,3,0,-0.5,0,-0.5,-0.5,-0.5,2270,2270,1,2268,0,0,3.5,3.5,0,0,167,21.31986928
168,0,3.5,3,0,-0.5,0,-0.5,-0.5,-0.5,2270,2270,1,2270,0,0,3.5,3.5,0,0,168,21.4157021
169,0,3.5,3,0,-0.5,0,-0.5,-0.5,-0.5,2261,2261,1,2259,0,0,3.5,3.5,0,0,169,21.50082922
170,0,3.5,3,0,-0.5,0,-0.5,-0.5,-0.5,2261,2261,1,2258,0,0,3.5,3.5,0,0,170,21.57849622
171,0,3.5,3,0,-0.5,0,-0.5,-0.5,-0.5,2251,2251,1,2249,0,0,3.5,3.5,0,0,171,21.66379404
172,0,3.5,3,0,-0.5,0,-0.5,-0.5,-0.5,2248,2248,1,2246,0,0,3.5,3.5,0,0,172,21.74853778
173,0,3.5,3,0,-0.5,0,-0.5,-0.5,-0.5,2248,2248,1,2255,0,0,3.5,3.5,0,0,173,21.82630444
174,0,3.5,3,0,-0.5,0,-0.5,-0.5,-0.5,2247,2247,1,2245,0,0,3.5,3.5,0,0,174,21.91132092
175,0,3.5,3,0,-0.5,0,-0.5,-0.5,-0.5,2247,2247,1,2249,0,0,3.5,3.5,0,0,175,21.98896027
176,0,3.5,4,0,0.5,0,0.5,0.5,0.5,2247,8723.5,3,13960,0,0,3.5,3.5,0,0,176,22.07483196
177,0,3.5,3,0,-0.5,0,-0.5,-0.5,-0.5,2733.166667,2733.166667,1,2693,0,0,3.5,3.5,0,0,177,22.80721426
178,0,3.5,3,0,-0.5,0,-0.5,-0.5,-0.5,2312,2312,1,2303,0,0,3.5,3.5,0,0,178,23.03800988
179,0,3.5,3,0,-0.5,0,-0.5,-0.5,-0.5,2260,2260,1,2255,0,0,3.5,3.5,0,0,179,23.16656756
180,0,3.5,3,0,-0.5,0,-0.5,-0.5,-0.5,2254,2254,1,2251,0,0,3.5,3.5,0,0,180,23.25990105
181,0,3.5,3,0,-0.5,0,-0.5,-0.5,-0.5,2254,2254,1,2252,0,0,3.5,3.5,0,0,181,23.34570336
182,0,3.5,3,0,-0.5,0,-0.5,-0.5,-0.5,2244,2244,1,2241,0,0,3.5,3.5,0,0,182,23.43045259
183,0,3.5,3,0,-0.5,0,-0.5,-0.5,-0.5,2243,2243,1,2240,0,0,3.5,3.5,0,0,183,23.51512146
184,0,3.5,3,0,-0.5,0,-0.5,-0.5,-0.5,2243,2243,1,2251,0,0,3.5,3.5,0,0,184,23.58476925
185,0,3.5,3,0,-0.5,0,-0.5,-0.5,-0.5,2235,2235,1,2232,0,0,3.5,3.5,0,0,185,23.66987324
186,0,3.5,3,0,-0.5,0,-0.5,-0.5,-0.5,2234,2234,1,2231,0,0,3.5,3.5,0,0,186,23.75464988
187,0,3.5,3,0,-0.5,0,-0.5,-0.5,-0.5,2234,2234,1,2243,0,0,3.5,3.5,0,0,187,23.83231378
188,0,3.5,3,0,-0.5,0,-0.5,-0.5,-0.5,2232,2232,1,2229,0,0,3.5,3.5,0,0,188,23.91677713
189,0,3.5,3,0,-0.5,0,-0.5,-0.5,-0.5,2232,2232,1,2231,0,0,3.5,3.5,0,0,189,24.0024209
190,0,3.5,3,0,-0.5,0,-0.5,-0.5,-0.5,2228,2228,1,2225,0,0,3.5,3.5,0,0,190,24.08713603
191,0,3.5,3,0,-0.5,0,-0.5,-0.5,-0.5,2228,2228,1,2232,0,0,3.5,3.5,0,0,191,24.17276669
192,0,3.5,3,0,-0.5,0,-0.5,-0.5,-0.5,2225,2225,1,2222,0,0,3.5,3.5,0,0,192,24.25749254
193,0,3.5,3,0,-0.5,0,-0.5,-0.5,-0.5,2225,2225,1,2224,0,0,3.5,3.5,0,0,193,24.32710624
194,0,3.5,3,0,-0.5,0,-0.5,-0.5,-0.5,2219,2219,1,2216,0,0,3.5,3.5,0,0,194,24.40366864
195,0,3.5,3,0,-0.5,0,-0.5,-0.5,-0.5,2218,2218,1,2215,0,0,3.5,3.5,0,0,195,24.48841286
196,0,3.5,3,0,-0.5,0,-0.5,-0.5,-0.5,2218,2218,1,2214,0,0,3.5,3.5,0,0,196,24.56591964
197,0,3.5,3,0,-0.5,0,-0.5,-0.5,-0.5,2209,2209,1,2206,0,0,3.5,3.5,0,0,197,24.6511209
198,0,3.5,3,0,-0.5,0,-0.5,-0.5,-0.5,2209,2209,1,2205,0,0,3.5,3.5,0,0,198,24.73681355
199,0,3.5,3,0,-0.5,0,-0.5,-0.5,-0.5,2202,2202,1,2199,0,0,3.5,3.5,0,0,199,24.82164145
200,0,3.5,3,0,-0.5,0,-0.5,-0.5,-0.5,2202,2202,1,2205,0,0,3.5,3.5,0,0,200,24.90739775
201,0,3.5,3,0,-0.5,0,-0.5,-0.5,-0.5,2196,2196,1,2193,0,0,3.5,3.5,0,0,201,24.9924562
202,0,3.5,3,0,-0.5,0,-0.5,-0.5,-0.5,2196,2196,1,2200,0,0,3.5,3.5,0,0,202,25.0782094
203,0,3.5,3,0,-0.5,0,-0.5,-0.5,-0.5,2192,2192,1,2189,0,0,3.5,3.5,0,0,203,25.16312385
204,0,3.5,3,0,-0.5,0,-0.5,-0.5,-0.5,2192,2192,1,2183,0,0,3.5,3.5,0,0,204,25.24076343
205,0,3.5,3,0,-0.5,0,-0.5,-0.5,-0.5,2185.5,2185.5,1,2181,0,0,3.5,3.5,0,0,205,25.32581735
206,0,3.5,3,0,-0.5,0,-0.5,-0.5,-0.5,2185.5,2185.5,1,2179,0,0,3.5,3.5,0,0,206,25.41152906
207,0,3.5,3,0,-0.5,0,-0.5,-0.5,-0.5,2177.5,2177.5,1,2173,0,0,3.5,3.5,0,0,207,25.49654436
208,0,3.5,3,0,-0.5,0,-0.5,-0.5,-0.5,2177.5,2177.5,1,2184,0,0,3.5,3.5,0,0,208,25.58212352
209,0,3.5,3,0,-0.5,0,-0.5,-0.5,-0.5,2174.5,2174.5,1,2170,0,0,3.5,3.5,0,0,209,25.66743326
210,0,3.5,3,0,-0.5,0,-0.5,-0.5,-0.5,2173.5,2173.5,1,2169,0,0,3.5,3.5,0,0,210,25.75218201
211,0,3.5,3,0,-0.5,0,-0.5,-0.5,-0.5,2173.5,2173.5,1,2173,0,0,3.5,3.5,0,0,211,25.82995582
212,0,3.5,3,0,-0.5,0,-0.5,-0.5,-0.5,2170.5,2170.5,1,2166,0,0,3.5,3.5,0,0,212,25.91482449
213,0,3.5,3,0,-0.5,0,-0.5,-0.5,-0.5,2170.5,2170.5,1,2173,0,0,3.5,3.5,0,0,213,26.00076771
214,0,3.5,3,0,-0.5,0,-0.5,-0.5,-0.5,2164.5,2164.5,1,2160,0,0,3.5,3.5,0,0,214,26.08560228
215,0,3.5,3,0,-0.5,0,-0.5,-0.5,-0.5,2163.5,2163.5,1,2159,0,0,3.5,3.5,0,0,215,26.17027855
216,0,3.5,3,0,-0.5,0,-0.5,-0.5,-0.5,2163.5,2163.5,1,2161,0,0,3.5,3.5,0,0,216,26.23986578
217,0,3.5,3,0,-0.5,0,-0.5,-0.5,-0.5,2145.5,2145.5,1,2141,0,0,3.5,3.5,0,0,217,26.32516122
218,0,3.5,3,0,-0.5,0,-0.5,-0.5,-0.5,2143.5,2143.5,1,2139,0,0,3.5,3.5,0,0,218,26.4179616
219,0,3.5,3,0,-0.5,0,-0.5,-0.5,-0.5,2143.5,2143.5,1,2152,0,0,3.5,3.5,0,0,219,26.49562144
220,0,3.5,3,0,-0.5,0,-0.5,-0.5,-0.5,2133.5,2133.5,1,2129,0,0,3.5,3.5,0,0,220,26.58038545
221,0,3.5,3,0,-0.5,0,-0.5,-0.5,-0.5,2131.5,2131.5,1,2127,0,0,3.5,3.5,0,0,221,26.65701056
222,0,3.5,3,0,-0.5,0,-0.5,-0.5,-0.5,2131.5,2131.5,1,2130,0,0,3.5,3.5,0,0,222,26.74247742
223,0,3.5,3,0,-0.5,0,-0.5,-0.5,-0.5,2130.5,2130.5,1,2126,0,0,3.5,3.5,0,0,223,26.82709527
224,0,3.5,3,0,-0.5,0,-0.5,-0.5,-0.5,2130.5,2130.5,1,2129,0,0,3.5,3.5,0,0,224,26.91279149
225,0,3.5,3,0,-0.5,0,-0.5,-0.5,-0.5,2128.5,2128.5,1,2124,0,0,3.5,3.5,0,0,225,26.99749351
226,0,3.5,3,0,-0.5,0,-0.5,-0.5,-0.5,2128.5,2128.5,1,2135,0,0,3.5,3.5,0,0,226,27.08304882
227,0,3.5,3,0,-0.5,0,-0.5,-0.5,-0.5,2126.5,2126.5,1,2122,0,0,3.5,3.5,0,0,227,27.16785336
228,0,3.5,3,0,-0.5,0,-0.5,-0.5,-0.5,2126.5,2126.5,1,2124,0,0,3.5,3.5,0,0,228,27.25336957
229,0,3.5,3,0,-0.5,0,-0.5,-0.5,-0.5,2122.5,2122.5,1,2118,0,0,3.5,3.5,0,0,229,27.3380959
230,0,3.5,3,0,-0.5,0,-0.5,-0.5,-0.5,2121.5,2121.5,1,2117,0,0,3.5,3.5,0,0,230,27.4327414
231,0,3.5,3,0,-0.5,0,-0.5,-0.5,-0.5,2121.5,2121.5,1,2121,0,0,3.5,3.5,0,0,231,27.5027411
232,0,3.5,3,0,-0.5,0,-0.5,-0.5,-0.5,2120.5,2120.5,1,2116,0,0,3.5,3.5,0,0,232,27.58714914
233,0,3.5,3,0,-0.5,0,-0.5,-0.5,-0.5,2120.5,2120.5,1,2121,0,0,3.5,3.5,0,0,233,27.67280364
234,0,3.5,3,0,-0.5,0,-0.5,-0.5,-0.5,2119.5,2119.5,1,2115,0,0,3.5,3.5,0,0,234,27.75746679
235,0,3.5,3,0,-0.5,0,-0.5,-0.5,-0.5,2119.5,2119.5,1,2116,0,0,3.5,3.5,0,0,235,27.84310412
236,0,3.5,3,0,-0.5,0,-0.5,-0.5,-0.5,2106.5,2106.5,1,2102,0,0,3.5,3.5,0,0,236,27.92878819
237,0,3.5,3,0,-0.5,0,-0.5,-0.5,-0.5,2100.5,2100.5,1,2096,0,0,3.5,3.5,0,0,237,28.01370358
238,0,3.5,3,0,-0.5,0,-0.5,-0.5,-0.5,2100.5,2100.5,1,2098,0,0,3.5,3.5,0,0,238,28.0993681
239,0,3.5,3,0,-0.5,0,-0.5,-0.5,-0.5,2098.5,2098.5,1,2094,0,0,3.5,3.5,0,0,239,28.18424129
240,0,3.5,3,0,-0.5,0,-0.5,-0.5,-0.5,2098.5,2098.5,1,2100,0,0,3.5,3.5,0,0,240,28.26987886
241,0,3.5,3,0,-0.5,0,-0.5,-0.5,-0.5,2094.5,2094.5,1,2090,0,0,3.5,3.5,0,0,241,28.35448551
242,0,3.5,3,0,-0.5,0,-0.5,-0.5,-0.5,2094.5,2094.5,1,2089,0,0,3.5,3.5,0,0,242,28.44012976
243,0,3.5,4,0,0.5,0,0.5,0.5,0.5,2094.5,8537,3,13569,0,0,3.5,3.5,0,0,243,28.52607703
244,0,3.5,3,0,-0.5,0,-0.5,-0.5,-0.5,2639,2639,1,2591,0,0,3.5,3.5,0,0,244,29.28658605
245,0,3.5,3,0,-0.5,0,-0.5,-0.5,-0.5,2265,2265,1,2255,0,0,3.5,3.5,0,0,245,29.5131433
246,0,3.5,3,0,-0.5,0,-0.5,-0.5,-0.5,2235.5,2235.5,1,2227,0,0,3.5,3.5,0,0,246,29.62966895
247,0,3.5,3,0,-0.5,0,-0.5,-0.5,-0.5,2232.5,2232.5,1,2224,0,0,3.5,3.5,0,0,247,29.72144794
248,0,3.5,3,0,-0.5,0,-0.5,-0.5,-0.5,2232.5,2232.5,1,2223,0,0,3.5,3.5,0,0,248,29.81336927
249,0,3.5,4,0,0.5,0,0.5,0.5,0.5,2232.5,8630,3,13610,0,0,3.5,3.5,0,0,249,29.89905214
250,0,3.5,3,0,-0.5,0,-0.5,-0.5,-0.5,2730.333333,2730.333333,1,2658,0,0,3.5,3.5,0,0,250,30.83504915
251,0,3.5,3,0,-0.5,0,-0.5,-0.5,-0.5,2310,2310,1,2300,0,0,3.5,3.5,0,0,251,31.07294703
252,0,3.5,3,0,-0.5,0,-0.5,-0.5,-0.5,2263.5,2263.5,1,2257,0,0,3.5,3.5,0,0,252,31.20503902
253,0,3.5,3,0,-0.5,0,-0.5,-0.5,-0.5,2255.5,2255.5,1,2249,0,0,3.5,3.5,0,0,253,31.29023075
254,0,3.5,3,0,-0.5,0,-0.5,-0.5,-0.5,2254.5,2254.5,1,2248,0,0,3.5,3.5,0,0,254,31.37502217
255,0,3.5,3,0,-0.5,0,-0.5,-0.5,-0.5,2254.5,2254.5,1,2248,0,0,3.5,3.5,0,0,255,31.44477725
256,0,3.5,3,0,-0.5,0,-0.5,-0.5,-0.5,2243.5,2243.5,1,2237,0,0,3.5,3.5,0,0,256,31.53006363
257,0,3.5,3,0,-0.5,0,-0.5,-0.5,-0.5,2243.5,2243.5,1,2232,0,0,3.5,3.5,0,0,257,31.61599827
258,0,3.5,3,0,-0.5,0,-0.5,-0.5,-0.5,2233.5,2233.5,1,2227,0,0,3.5,3.5,0,0,258,31.70119047
259,0,3.5,3,0,-0.5,0,-0.5,-0.5,-0.5,2226.5,2226.5,1,2220,0,0,3.5,3.5,0,0,259,31.78622031
260,0,3.5,3,0,-0.5,0,-0.5,-0.5,-0.5,2226.5,2226.5,1,2222,0,0,3.5,3.5,0,0,260,31.8719995
261,0,3.5,3,0,-0.5,0,-0.5,-0.5,-0.5,2209.5,2209.5,1,2203,0,0,3.5,3.5,0,0,261,31.95717573
262,0,3.5,3,0,-0.5,0,-0.5,-0.5,-0.5,2209.5,2209.5,1,2200,0,0,3.5,3.5,0,0,262,32.04306316
263,0,3.5,3,0,-0.5,0,-0.5,-0.5,-0.5,2206.5,2206.5,1,2200,0,0,3.5,3.5,0,0,263,32.12782073
264,0,3.5,3,0,-0.5,0,-0.5,-0.5,-0.5,2206.5,2206.5,1,2204,0,0,3.5,3.5,0,0,264,32.19752383
265,0,3.5,3,0,-0.5,0,-0.5,-0.5,-0.5,2199.5,2199.5,1,2193,0,0,3.5,3.5,0,0,265,32.28245521
266,0,3.5,3,0,-0.5,0,-0.5,-0.5,-0.5,2199.5,2199.5,1,2195,0,0,3.5,3.5,0,0,266,32.35209727
267,0,3.5,3,0,-0.5,0,-0.5,-0.5,-0.5,2191.5,2191.5,1,2185,0,0,3.5,3.5,0,0,267,32.43695402
268,0,3.5,3,0,-0.5,0,-0.5,-0.5,-0.5,2190.5,2190.5,1,2184,0,0,3.5,3.5,0,0,268,32.52182412
269,0,3.5,3,0,-0.5,0,-0.5,-0.5,-0.5,2190.5,2190.5,1,2181,0,0,3.5,3.5,0,0,269,32.59945583
270,0,3.5,3,0,-0.5,0,-0.5,-0.5,-0.5,2177.5,2177.5,1,2171,0,0,3.5,3.5,0,0,270,32.68455124
271,0,3.5,3,0,-0.5,0,-0.5,-0.5,-0.5,2177.5,2177.5,1,2172,0,0,3.5,3.5,0,0,271,32.77045989
272,0,3.5,3,0,-0.5,0,-0.5,-0.5,-0.5,2166.5,2166.5,1,2160,0,0,3.5,3.5,0,0,272,32.85551953
273,0,3.5,3,0,-0.5,0,-0.5,-0.5,-0.5,2162.5,2162.5,1,2156,0,0,3.5,3.5,0,0,273,32.95111775
274,0,3.5,3,0,-0.5,0,-0.5,-0.5,-0.5,2162.5,2162.5,1,2159,0,0,3.5,3.5,0,0,274,33.02890992
275,0,3.5,3,0,-0.5,0,-0.5,-0.5,-0.5,2156.5,2156.5,1,2150,0,0,3.5,3.5,0,0,275,33.11368155
276,0,3.5,3,0,-0.5,0,-0.5,-0.5,-0.5,2156.5,2156.5,1,2156,0,0,3.5,3.5,0,0,276,33.19133353
277,0,3.5,3,0,-0.5,0,-0.5,-0.5,-0.5,2151.5,2151.5,1,2145,0,0,3.5,3.5,0,0,277,33.27618361
278,0,3.5,3,0,-0.5,0,-0.5,-0.5,-0.5,2151.5,2151.5,1,2145,0,0,3.5,3.5,0,0,278,33.36215949
279,0,3.5,3,0,-0.5,0,-0.5,-0.5,-0.5,2145.5,2145.5,1,2139,0,0,3.5,3.5,0,0,279,33.44794726
280,0,3.5,3,0,-0.5,0,-0.5,-0.5,-0.5,2145.5,2145.5,1,2144,0,0,3.5,3.5,0,0,280,33.54387021
281,0,3.5,3,0,-0.5,0,-0.5,-0.5,-0.5,2138.5,2138.5,1,2130,0,0,3.5,3.5,0,0,281,33.62879658
282,0,3.5,3,0,-0.5,0,-0.5,-0.5,-0.5,2138.5,2138.5,1,2142,0,0,3.5,3.5,0,0,282,33.71446705
283,0,3.5,4,0,0.5,0,0.5,0.5,0.5,2138.5,8657,3,13817,0,0,3.5,3.5,0,0,283,33.78413391
284,0,3.5,3,0,-0.5,0,-0.5,-0.5,-0.5,2644.666667,2644.666667,1,2583,0,0,3.5,3.5,0,0,284,34.28472114
285,0,3.5,3,0,-0.5,0,-0.5,-0.5,-0.5,2294.5,2294.5,1,2290,0,0,3.5,3.5,0,0,285,34.52266741
286,0,3.5,3,0,-0.5,0,-0.5,-0.5,-0.5,2255,2255,1,2253,0,0,3.5,3.5,0,0,286,34.65100074
287,0,3.5,3,0,-0.5,0,-0.5,-0.5,-0.5,2249.5,2249.5,1,2249,0,0,3.5,3.5,0,0,287,34.74866295
288,0,3.5,3,0,-0.5,0,-0.5,-0.5,-0.5,2245.5,2245.5,1,2245,0,0,3.5,3.5,0,0,288,34.83339334
289,0,3.5,3,0,-0.5,0,-0.5,-0.5,-0.5,2245.5,2245.5,1,2237,0,0,3.5,3.5,0,0,289,34.91118836
290,0,3.5,3,0,-0.5,0,-0.5,-0.5,-0.5,2233.5,2233.5,1,2233,0,0,3.5,3.5,0,0,290,35.00346375
291,0,3.5,3,0,-0.5,0,-0.5,-0.5,-0.5,2231.5,2231.5,1,2231,0,0,3.5,3.5,0,0,291,35.09619546
292,0,3.5,3,0,-0.5,0,-0.5,-0.5,-0.5,2231.5,2231.5,1,2231,0,0,3.5,3.5,0,0,292,35.18180561
293,0,3.5,3,0,-0.5,0,-0.5,-0.5,-0.5,2215.5,2215.5,1,2215,0,0,3.5,3.5,0,0,293,35.26674891
294,0,3.5,3,0,-0.5,0,-0.5,-0.5,-0.5,2215.5,2215.5,1,2217,0,0,3.5,3.5,0,0,294,35.35249043
295,0,3.5,3,0,-0.5,0,-0.5,-0.5,-0.5,2204.5,2204.5,1,2204,0,0,3.5,3.5,0,0,295,35.43723249
296,0,3.5,3,0,-0.5,0,-0.5,-0.5,-0.5,2204.5,2204.5,1,2197,0,0,3.5,3.5,0,0,296,35.52284575
297,0,3.5,3,0,-0.5,0,-0.5,-0.5,-0.5,2191.5,2191.5,1,2191,0,0,3.5,3.5,0,0,297,35.60776877
298,0,3.5,3,0,-0.5,0,-0.5,-0.5,-0.5,2191.5,2191.5,1,2197,0,0,3.5,3.5,0,0,298,35.69341636
299,0,3.5,3,0,-0.5,0,-0.5,-0.5,-0.5,2186.5,2186.5,1,2186,0,0,3.5,3.5,0,0,299,35.77799845
300,0,3.5,3,0,-0.5,0,-0.5,-0.5,-0.5,2186.5,2186.5,1,2180,0,0,3.5,3.5,0,0,300,35.84758759
301,0,3.5,3,0,-0.5,0,-0.5,-0.5,-0.5,2170.5,2170.5,1,2170,0,0,3.5,3.5,0,0,301,35.93267918
302,0,3.5,3,0,-0.5,0,-0.5,-0.5,-0.5,2167.5,2167.5,1,2167,0,0,3.5,3.5,0,0,302,36.02458572
303,0,3.5,3,0,-0.5,0,-0.5,-0.5,-0.5,2167.5,2167.5,1,2175,0,0,3.5,3.5,0,0,303,36.11009765
304,0,3.5,3,0,-0.5,0,-0.5,-0.5,-0.5,2151.5,2151.5,1,2151,0,0,3.5,3.5,0,0,304,36.19502378
305,0,3.5,3,0,-0.5,0,-0.5,-0.5,-0.5,2150.5,2150.5,1,2150,0,0,3.5,3.5,0,0,305,36.28621578
306,0,3.5,3,0,-0.5,0,-0.5,-0.5,-0.5,2150.5,2150.5,1,2158,0,0,3.5,3.5,0,0,306,36.36393642
307,0,3.5,3,0,-0.5,0,-0.5,-0.5,-0.5,2149.5,2149.5,1,2149,0,0,3.5,3.5,0,0,307,36.44859099
308,0,3.5,3,0,-0.5,0,-0.5,-0.5,-0.5,2149.5,2149.5,1,2156,0,0,3.5,3.5,0,0,308,36.53429008
309,0,3.5,3,0,-0.5,0,-0.5,-0.5,-0.5,2144.5,2144.5,1,2144,0,0,3.5,3.5,0,0,309,36.61890793
310,0,3.5,3,0,-0.5,0,-0.5,-0.5,-0.5,2143.5,2143.5,1,2143,0,0,3.5,3.5,0,0,310,36.70921779
311,0,3.5,3,0,-0.5,0,-0.5,-0.5,-0.5,2143.5,2143.5,1,2142,0,0,3.5,3.5,0,0,311,36.77881145
312,0,3.5,3,0,-0.5,0,-0.5,-0.5,-0.5,2141.5,2141.5,1,2141,0,0,3.5,3.5,0,0,312,36.86356592
313,0,3.5,3,0,-0.5,0,-0.5,-0.5,-0.5,2141.5,2141.5,1,2146,0,0,3.5,3.5,0,0,313,36.94886947
314,0,3.5,3,0,-0.5,0,-0.5,-0.5,-0.5,2136.5,2136.5,1,2136,0,0,3.5,3.5,0,0,314,37.03339219
315,0,3.5,3,0,-0.5,0,-0.5,-0.5,-0.5,2136.5,2136.5,1,2144,0,0,3.5,3.5,0,0,315,37.11082864
316,0,3.5,3,0,-0.5,0,-0.5,-0.5,-0.5,2133.5,2133.5,1,2133,0,0,3.5,3.5,0,0,316,37.19566274
317,0,3.5,3,0,-0.5,0,-0.5,-0.5,-0.5,2130.5,2130.5,1,2130,0,0,3.5,3.5,0,0,317,37.2803874
318,0,3.5,3,0,-0.5,0,-0.5,-0.5,-0.5,2130.5,2130.5,1,2138,0,0,3.5,3.5,0,0,318,37.36587477
319,0,3.5,3,0,-0.5,0,-0.5,-0.5,-0.5,2128.5,2128.5,1,2128,0,0,3.5,3.5,0,0,319,37.45051908
320,0,3.5,3,0,-0.5,0,-0.5,-0.5,-0.5,2128.5,2128.5,1,2130,0,0,3.5,3.5,0,0,320,37.53607941
321,0,3.5,3,0,-0.5,0,-0.5,-0.5,-0.5,2120.5,2120.5,1,2120,0,0,3.5,3.5,0,0,321,37.6207304
322,0,3.5,3,0,-0.5,0,-0.5,-0.5,-0.5,2117.5,2117.5,1,2117,0,0,3.5,3.5,0,0,322,37.70534348
323,0,3.5,3,0,-0.5,0,-0.5,-0.5,-0.5,2117.5,2117.5,1,2119,0,0,3.5,3.5,0,0,323,37.78282166
324,0,3.5,3,0,-0.5,0,-0.5,-0.5,-0.5,2110.5,2110.5,1,2110,0,0,3.5,3.5,0,0,324,37.86732817
325,0,3.5,3,0,-0.5,0,-0.5,-0.5,-0.5,2109.5,2109.5,1,2109,0,0,3.5,3.5,0,0,325,37.95160961
326,0,3.5,3,0,-0.5,0,-0.5,-0.5,-0.5,2109.5,2109.5,1,2113,0,0,3.5,3.5,0,0,326,38.02113461
327,0,3.5,3,0,-0.5,0,-0.5,-0.5,-0.5,2106.5,2106.5,1,2106,0,0,3.5,3.5,0,0,327,38.10563827
328,0,3.5,3,0,-0.5,0,-0.5,-0.5,-0.5,2105.5,2105.5,1,2105,0,0,3.5,3.5,0,0,328,38.189996
329,0,3.5,3,0,-0.5,0,-0.5,-0.5,-0.5,2105.5,2105.5,1,2112,0,0,3.5,3.5,0,0,329,38.25955725
330,0,3.5,2,0,-1.5,0,-1.5,-1.5,-1.5,2105.5,8663.5,3,22884,0,0,3.5,3.5,0,0,330,38.32919073
331,0,3.5,3,0,-0.5,0,-0.5,-0.5,-0.5,2690,2690,1,2645,0,0,3.5,3.5,0,0,331,39.21362543
332,0,3.5,3,0,-0.5,0,-0.5,-0.5,-0.5,2279.5,2279.5,1,2265,0,0,3.5,3.5,0,0,332,39.4586103
333,0,3.5,3,0,-0.5,0,-0.5,-0.5,-0.5,2230,2230,1,2222,0,0,3.5,3.5,0,0,333,39.58272052
334,0,3.5,3,0,-0.5,0,-0.5,-0.5,-0.5,2227,2227,1,2219,0,0,3.5,3.5,0,0,334,39.67705059
335,0,3.5,3,0,-0.5,0,-0.5,-0.5,-0.5,2227,2227,1,2215,0,0,3.5,3.5,0,0,335,39.76290751
336,0,3.5,3,0,-0.5,0,-0.5,-0.5,-0.5,2218,2218,1,2210,0,0,3.5,3.5,0,0,336,39.84815907
337,0,3.5,3,0,-0.5,0,-0.5,-0.5,-0.5,2218,2218,1,2201,0,0,3.5,3.5,0,0,337,39.93424201
338,0,3.5,3,0,-0.5,0,-0.5,-0.5,-0.5,2209,2209,1,2201,0,0,3.5,3.5,0,0,338,40.02682066
339,0,3.5,3,0,-0.5,0,-0.5,-0.5,-0.5,2209,2209,1,2200,0,0,3.5,3.5,0,0,339,40.11253572
340,0,3.5,3,0,-0.5,0,-0.5,-0.5,-0.5,2200,2200,1,2192,0,0,3.5,3.5,0,0,340,40.19797897
341,0,3.5,3,0,-0.5,0,-0.5,-0.5,-0.5,2200,2200,1,2194,0,0,3.5,3.5,0,0,341,40.28395057
342,0,3.5,3,0,-0.5,0,-0.5,-0.5,-0.5,2199,2199,1,2191,0,0,3.5,3.5,0,0,342,40.36895442
343,0,3.5,3,0,-0.5,0,-0.5,-0.5,-0.5,2199,2199,1,2197,0,0,3.5,3.5,0,0,343,40.45477557
344,0,3.5,4,0,0.5,0,0.5,0.5,0.5,2199,8622.5,3,13657,0,0,3.5,3.5,0,0,344,40.54097271
345,0,3.5,3,0,-0.5,0,-0.5,-0.5,-0.5,2768.25,2768.25,1,2709,0,0,3.5,3.5,0,0,345,41.20461202
346,0,3.5,3,0,-0.5,0,-0.5,-0.5,-0.5,2286.5,2286.5,1,2281,0,0,3.5,3.5,0,0,346,41.44471526
347,0,3.5,3,0,-0.5,0,-0.5,-0.5,-0.5,2242,2242,1,2237,0,0,3.5,3.5,0,0,347,41.56900191
348,0,3.5,3,0,-0.5,0,-0.5,-0.5,-0.5,2237,2237,1,2232,0,0,3.5,3.5,0,0,348,41.65392804
349,0,3.5,3,0,-0.5,0,-0.5,-0.5,-0.5,2237,2237,1,2242,0,0,3.5,3.5,0,0,349,41.73952699
350,0,3.5,3,0,-0.5,0,-0.5,-0.5,-0.5,2230,2230,1,2225,0,0,3.5,3.5,0,0,350,41.82435775
351,0,3.5,3,0,-0.5,0,-0.5,-0.5,-0.5,2229,2229,1,2224,0,0,3.5,3.5,0,0,351,41.90885067
352,0,3.5,3,0,-0.5,0,-0.5,-0.5,-0.5,2229,2229,1,2225,0,0,3.5,3.5,0,0,352,41.98642969
353,0,3.5,3,0,-0.5,0,-0.5,-0.5,-0.5,2223,2223,1,2218,0,0,3.5,3.5,0,0,353,42.07126713
354,0,3.5,3,0,-0.5,0,-0.5,-0.5,-0.5,2223,2223,1,2219,0,0,3.5,3.5,0,0,354,42.15681529
355,0,3.5,3,0,-0.5,0,-0.5,-0.5,-0.5,2220,2220,1,2215,0,0,3.5,3.5,0,0,355,42.24151063
356,0,3.5,3,0,-0.5,0,-0.5,-0.5,-0.5,2220,2220,1,2220,0,0,3.5,3.5,0,0,356,42.32698274
357,0,3.5,3,0,-0.5,0,-0.5,-0.5,-0.5,2216,2216,1,2211,0,0,3.5,3.5,0,0,357,42.41234207
358,0,3.5,3,0,-0.5,0,-0.5,-0.5,-0.5,2216,2216,1,2206,0,0,3.5,3.5,0,0,358,42.49811769
359,0,3.5,3,0,-0.5,0,-0.5,-0.5,-0.5,2203,2203,1,2196,0,0,3.5,3.5,0,0,359,42.5829432
360,0,3.5,3,0,-0.5,0,-0.5,-0.5,-0.5,2203,2203,1,2198,0,0,3.5,3.5,0,0,360,42.66776538
361,0,3.5,3,0,-0.5,0,-0.5,-0.5,-0.5,2203,2203,1,2206,0,0,3.5,3.5,0,0,361,42.73728919
362,0,3.5,3,0,-0.5,0,-0.5,-0.5,-0.5,2192,2192,1,2187,0,0,3.5,3.5,0,0,362,42.82213068
363,0,3.5,3,0,-0.5,0,-0.5,-0.5,-0.5,2192,2192,1,2180,0,0,3.5,3.5,0,0,363,42.90781808
364,0,3.5,3,0,-0.5,0,-0.5,-0.5,-0.5,2182,2182,1,2177,0,0,3.5,3.5,0,0,364,42.99274611
365,0,3.5,3,0,-0.5,0,-0.5,-0.5,-0.5,2178,2178,1,2173,0,0,3.5,3.5,0,0,365,43.07731414
366,0,3.5,3,0,-0.5,0,-0.5,-0.5,-0.5,2177,2177,1,2172,0,0,3.5,3.5,0,0,366,43.16181374
367,0,3.5,3,0,-0.5,0,-0.5,-0.5,-0.5,2177,2177,1,2171,0,0,3.5,3.5,0,0,367,43.23927402
368,0,3.5,3,0,-0.5,0,-0.5,-0.5,-0.5,2174,2174,1,2169,0,0,3.5,3.5,0,0,368,43.32433176
369,0,3.5,3,0,-0.5,0,-0.5,-0.5,-0.5,2174,2174,1,2168,0,0,3.5,3.5,0,0,369,43.40987897
370,0,3.5,3,0,-0.5,0,-0.5,-0.5,-0.5,2171,2171,1,2166,0,0,3.5,3.5,0,0,370,43.4947052
371,0,3.5,3,0,-0.5,0,-0.5,-0.5,-0.5,2170,2170,1,2165,0,0,3.5,3.5,0,0,371,43.58926749
372,0,3.5,3,0,-0.5,0,-0.5,-0.5,-0.5,2170,2170,1,2167,0,0,3.5,3.5,0,0,372,43.65919805
373,0,3.5,3,0,-0.5,0,-0.5,-0.5,-0.5,2169,2169,1,2164,0,0,3.5,3.5,0,0,373,43.74352431
374,0,3.5,3,0,-0.5,0,-0.5,-0.5,-0.5,2169,2169,1,2167,0,0,3.5,3.5,0,0,374,43.81304598
375,0,3.5,3,0,-0.5,0,-0.5,-0.5,-0.5,2151,2151,1,2146,0,0,3.5,3.5,0,0,375,43.89790416
376,0,3.5,3,0,-0.5,0,-0.5,-0.5,-0.5,2149,2149,1,2144,0,0,3.5,3.5,0,0,376,43.99356484
377,0,3.5,3,0,-0.5,0,-0.5,-0.5,-0.5,2149,2149,1,2146,0,0,3.5,3.5,0,0,377,44.07904935
378,0,3.5,3,0,-0.5,0,-0.5,-0.5,-0.5,2141,2141,1,2136,0,0,3.5,3.5,0,0,378,44.16351604
379,0,3.5,3,0,-0.5,0,-0.5,-0.5,-0.5,2141,2141,1,2136,0,0,3.5,3.5,0,0,379,44.24883556
380,0,3.5,3,0,-0.5,0,-0.5,-0.5,-0.5,2137,2137,1,2132,0,0,3.5,3.5,0,0,380,44.33352304
381,0,3.5,3,0,-0.5,0,-0.5,-0.5,-0.5,2137,2137,1,2138,0,0,3.5,3.5,0,0,381,44.41892076
382,0,3.5,3,0,-0.5,0,-0.5,-0.5,-0.5,2135,2135,1,2130,0,0,3.5,3.5,0,0,382,44.50364876
383,0,3.5,3,0,-0.5,0,-0.5,-0.5,-0.5,2135,2135,1,2133,0,0,3.5,3.5,0,0,383,44.58912063
384,0,3.5,3,0,-0.5,0,-0.5,-0.5,-0.5,2135,8625.5,3,19065,0,0,3.5,3.5,0,0,384,44.65878987
385,0,3.5,3,0,-0.5,0,-0.5,-0.5,-0.5,2665.75,2665.75,1,2621,0,0,3.5,3.5,0,0,385,45.31650567
386,0,3.5,3,0,-0.5,0,-0.5,-0.5,-0.5,2259.5,2259.5,1,2250,0,0,3.5,3.5,0,0,386,45.55728531
387,0,3.5,3,0,-0.5,0,-0.5,-0.5,-0.5,2219.5,2219.5,1,2215,0,0,3.5,3.5,0,0,387,45.68883896
388,0,3.5,3,0,-0.5,0,-0.5,-0.5,-0.5,2215.5,2215.5,1,2211,0,0,3.5,3.5,0,0,388,45.77376962
389,0,3.5,3,0,-0.5,0,-0.5,-0.5,-0.5,2215.5,2215.5,1,2203,0,0,3.5,3.5,0,0,389,45.85961509
390,0,3.5,3,0,-0.5,0,-0.5,-0.5,-0.5,2201.5,2201.5,1,2197,0,0,3.5,3.5,0,0,390,45.94440079
391,0,3.5,3,0,-0.5,0,-0.5,-0.5,-0.5,2201.5,2201.5,1,2200,0,0,3.5,3.5,0,0,391,46.0299542
392,0,3.5,3,0,-0.5,0,-0.5,-0.5,-0.5,2196.5,2196.5,1,2192,0,0,3.5,3.5,0,0,392,46.11475635
393,0,3.5,3,0,-0.5,0,-0.5,-0.5,-0.5,2194.5,2194.5,1,2190,0,0,3.5,3.5,0,0,393,46.19944715
394,0,3.5,3,0,-0.5,0,-0.5,-0.5,-0.5,2194.5,2194.5,1,2194,0,0,3.5,3.5,0,0,394,46.26897979
395,0,3.5,3,0,-0.5,0,-0.5,-0.5,-0.5,2184.5,2184.5,1,2180,0,0,3.5,3.5,0,0,395,46.35386276
396,0,3.5,3,0,-0.5,0,-0.5,-0.5,-0.5,2184.5,2184.5,1,2181,0,0,3.5,3.5,0,0,396,46.43949008
397,0,3.5,3,0,-0.5,0,-0.5,-0.5,-0.5,2182.5,2182.5,1,2178,0,0,3.5,3.5,0,0,397,46.52413869
398,0,3.5,3,0,-0.5,0,-0.5,-0.5,-0.5,2182.5,2182.5,1,2184,0,0,3.5,3.5,0,0,398,46.60954213
399,0,3.5,3,0,-0.5,0,-0.5,-0.5,-0.5,2177.5,2177.5,1,2173,0,0,3.5,3.5,0,0,399,46.69441891
400,0,3.5,3,0,-0.5,0,-0.5,-0.5,-0.5,2177.5,2177.5,1,2178,0,0,3.5,3.5,0,0,400,46.77991033
401,0,3.5,3,0,-0.5,0,-0.5,-0.5,-0.5,2174.5,2174.5,1,2170,0,0,3.5,3.5,0,0,401,46.86524177
402,0,3.5,3,0,-0.5,0,-0.5,-0.5,-0.5,2174.5,2174.5,1,2174,0,0,3.5,3.5,0,0,402,46.95087361
403,0,3.5,3,0,-0.5,0,-0.5,-0.5,-0.5,2172.5,2172.5,1,2168,0,0,3.5,3.5,0,0,403,47.02736664
404,0,3.5,3,0,-0.5,0,-0.5,-0.5,-0.5,2172.5,2172.5,1,2167,0,0,3.5,3.5,0,0,404,47.11281109
405,0,3.5,3,0,-0.5,0,-0.5,-0.5,-0.5,2165.5,2165.5,1,2161,0,0,3.5,3.5,0,0,405,47.19752884
406,0,3.5,3,0,-0.5,0,-0.5,-0.5,-0.5,2164.5,2164.5,1,2160,0,0,3.5,3.5,0,0,406,47.28204179
407,0,3.5,3,0,-0.5,0,-0.5,-0.5,-0.5,2164.5,2164.5,1,2168,0,0,3.5,3.5,0,0,407,47.3515656
408,0,3.5,3,0,-0.5,0,-0.5,-0.5,-0.5,2162.5,2162.5,1,2158,0,0,3.5,3.5,0,0,408,47.43633389
409,0,3.5,3,0,-0.5,0,-0.5,-0.5,-0.5,2162.5,2162.5,1,2167,0,0,3.5,3.5,0,0,409,47.50589919
410,0,3.5,4,0,0.5,0,0.5,0.5,0.5,2162.5,8752.5,3,13777,0,0,3.5,3.5,0,0,410,47.58358145
411,0,3.5,3,0,-0.5,0,-0.5,-0.5,-0.5,2766,2766,1,2719,0,0,3.5,3.5,0,0,411,48.33204055
412,0,3.5,3,0,-0.5,0,-0.5,-0.5,-0.5,2391,2391,1,2387,0,0,3.5,3.5,0,0,412,48.56798649
413,0,3.5,3,0,-0.5,0,-0.5,-0.5,-0.5,2345.5,2345.5,1,2345,0,0,3.5,3.5,0,0,413,48.69084716
414,0,3.5,3,0,-0.5,0,-0.5,-0.5,-0.5,2336.5,2336.5,1,2336,0,0,3.5,3.5,0,0,414,48.78920603
415,0,3.5,3,0,-0.5,0,-0.5,-0.5,-0.5,2336.5,2336.5,1,2331,0,0,3.5,3.5,0,0,415,48.87571192
416,0,3.5,3,0,-0.5,0,-0.5,-0.5,-0.5,2309.5,2309.5,1,2309,0,0,3.5,3.5,0,0,416,48.97581673
417,0,3.5,3,0,-0.5,0,-0.5,-0.5,-0.5,2305.5,2305.5,1,2305,0,0,3.5,3.5,0,0,417,49.06823754
418,0,3.5,3,0,-0.5,0,-0.5,-0.5,-0.5,2305.5,2305.5,1,2300,0,0,3.5,3.5,0,0,418,49.15440202
419,0,3.5,3,0,-0.5,0,-0.5,-0.5,-0.5,2297.5,2297.5,1,2297,0,0,3.5,3.5,0,0,419,49.24935865
420,0,3.5,3,0,-0.5,0,-0.5,-0.5,-0.5,2297.5,2297.5,1,2295,0,0,3.5,3.5,0,0,420,49.34051776
421,0,3.5,3,0,-0.5,0,-0.5,-0.5,-0.5,2293.5,2293.5,1,2293,0,0,3.5,3.5,0,0,421,49.43170476
422,0,3.5,3,0,-0.5,0,-0.5,-0.5,-0.5,2293.5,2293.5,1,2292,0,0,3.5,3.5,0,0,422,49.52337313
423,0,3.5,3,0,-0.5,0,-0.5,-0.5,-0.5,2287.5,2287.5,1,2287,0,0,3.5,3.5,0,0,423,49.61501551
424,0,3.5,3,0,-0.5,0,-0.5,-0.5,-0.5,2287.5,2287.5,1,2291,0,0,3.5,3.5,0,0,424,49.71158004
425,0,3.5,3,0,-0.5,0,-0.5,-0.5,-0.5,2282.5,2282.5,1,2282,0,0,3.5,3.5,0,0,425,49.81018329
426,0,3.5,3,0,-0.5,0,-0.5,-0.5,-0.5,2278.5,2278.5,1,2278,0,0,3.5,3.5,0,0,426,49.90022302
427,0,3.5,3,0,-0.5,0,-0.5,-0.5,-0.5,2278.5,2278.5,1,2281,0,0,3.5,3.5,0,0,427,49.98627996
428,0,3.5,3,0,-0.5,0,-0.5,-0.5,-0.5,2276.5,2276.5,1,2276,0,0,3.5,3.5,0,0,428,50.07573748
429,0,3.5,3,0,-0.5,0,-0.5,-0.5,-0.5,2274.5,2274.5,1,2274,0,0,3.5,3.5,0,0,429,50.1670208
430,0,3.5,3,0,-0.5,0,-0.5,-0.5,-0.5,2273.5,2273.5,1,2273,0,0,3.5,3.5,0,0,430,50.26263762
431,0,3.5,3,0,-0.5,0,-0.5,-0.5,-0.5,2273.5,2273.5,1,2272,0,0,3.5,3.5,0,0,431,50.34911656
432,0,3.5,3,0,-0.5,0,-0.5,-0.5,-0.5,2263.5,2263.5,1,2263,0,0,3.5,3.5,0,0,432,50.44776416
433,0,3.5,3,0,-0.5,0,-0.5,-0.5,-0.5,2263.5,2263.5,1,2268,0,0,3.5,3.5,0,0,433,50.53945613
434,0,3.5,3,0,-0.5,0,-0.5,-0.5,-0.5,2262.5,2262.5,1,2262,0,0,3.5,3.5,0,0,434,50.63027263
435,0,3.5,3,0,-0.5,0,-0.5,-0.5,-0.5,2262.5,2262.5,1,2268,0,0,3.5,3.5,0,0,435,50.72157264
436,0,3.5,1,0,-2.5,0,-2.5,-2.5,-2.5,2262.5,8853.5,3,28640,0,0,3.5,3.5,0,0,436,50.81114817
437,0,3.5,3,0,-0.5,0,-0.5,-0.5,-0.5,2869.916667,2869.916667,1,2780,0,0,3.5,3.5,0,0,437,51.72201967
438,0,3.5,3,0,-0.5,0,-0.5,-0.5,-0.5,2438.5,2438.5,1,2425,0,0,3.5,3.5,0,0,438,51.96022415
439,0,3.5,3,0,-0.5,0,-0.5,-0.5,-0.5,2399,2399,1,2392,0,0,3.5,3.5,0,0,439,52.08342266
440,0,3.5,3,0,-0.5,0,-0.5,-0.5,-0.5,2396,2396,1,2389,0,0,3.5,3.5,0,0,440,52.16888642
441,0,3.5,3,0,-0.5,0,-0.5,-0.5,-0.5,2395,2395,1,2388,0,0,3.5,3.5,0,0,441,52.25379014
442,0,3.5,3,0,-0.5,0,-0.5,-0.5,-0.5,2395,2395,1,2387,0,0,3.5,3.5,0,0,442,52.33169293
443,0,3.5,3,0,-0.5,0,-0.5,-0.5,-0.5,2383,2383,1,2376,0,0,3.5,3.5,0,0,443,52.4172132
444,0,3.5,3,0,-0.5,0,-0.5,-0.5,-0.5,2382,2382,1,2375,0,0,3.5,3.5,0,0,444,52.50231028
445,0,3.5,3,0,-0.5,0,-0.5,-0.5,-0.5,2382,2382,1,2366,0,0,3.5,3.5,0,0,445,52.58030772
446,0,3.5,3,0,-0.5,0,-0.5,-0.5,-0.5,2368,2368,1,2361,0,0,3.5,3.5,0,0,446,52.66574883
447,0,3.5,3,0,-0.5,0,-0.5,-0.5,-0.5,2366,2366,1,2359,0,0,3.5,3.5,0,0,447,52.75118494
448,0,3.5,3,0,-0.5,0,-0.5,-0.5,-0.5,2366,2366,1,2356,0,0,3.5,3.5,0,0,448,52.8209486
449,0,3.5,3,0,-0.5,0,-0.5,-0.5,-0.5,2352,2352,1,2345,0,0,3.5,3.5,0,0,449,52.90683103
450,0,3.5,3,0,-0.5,0,-0.5,-0.5,-0.5,2346,2346,1,2339,0,0,3.5,3.5,0,0,450,52.99207234
451,0,3.5,3,0,-0.5,0,-0.5,-0.5,-0.5,2346,2346,1,2338,0,0,3.5,3.5,0,0,451,53.07799721
452,0,3.5,3,0,-0.5,0,-0.5,-0.5,-0.5,2336,2336,1,2329,0,0,3.5,3.5,0,0,452,53.16342545
453,0,3.5,3,0,-0.5,0,-0.5,-0.5,-0.5,2336,2336,1,2332,0,0,3.5,3.5,0,0,453,53.24937129
454,0,3.5,3,0,-0.5,0,-0.5,-0.5,-0.5,2331.5,2331.5,1,2323,0,0,3.5,3.5,0,0,454,53.3344214
455,0,3.5,3,0,-0.5,0,-0.5,-0.5,-0.5,2330.5,2330.5,1,2324,0,0,3.5,3.5,0,0,455,53.41941142
456,0,3.5,3,0,-0.5,0,-0.5,-0.5,-0.5,2327.5,2327.5,1,2321,0,0,3.5,3.5,0,0,456,53.50436902
457,0,3.5,3,0,-0.5,0,-0.5,-0.5,-0.5,2327.5,2327.5,1,2323,0,0,3.5,3.5,0,0,457,53.59045076
458,0,3.5,3,0,-0.5,0,-0.5,-0.5,-0.5,2326.5,2326.5,1,2320,0,0,3.5,3.5,0,0,458,53.67543197
459,0,3.5,3,0,-0.5,0,-0.5,-0.5,-0.5,2326.5,2326.5,1,2317,0,0,3.5,3.5,0,0,459,53.76144242
460,0,3.5,3,0,-0.5,0,-0.5,-0.5,-0.5,2318.5,2318.5,1,2312,0,0,3.5,3.5,0,0,460,53.84655952
461,0,3.5,3,0,-0.5,0,-0.5,-0.5,-0.5,2318.5,2318.5,1,2315,0,0,3.5,3.5,0,0,461,53.9324832
462,0,3.5,0,0,-3.5,0,-3.5,-3.5,-3.5,2318.5,8802.5,3,34074,0,0,3.5,3.5,0,0,462,54.01861358
463,0,3.5,3,0,-0.5,0,-0.5,-0.5,-0.5,2905,2905,1,2840,0,0,3.5,3.5,0,0,463,54.72483087
464,0,3.5,3,0,-0.5,0,-0.5,-0.5,-0.5,2469.5,2469.5,1,2460,0,0,3.5,3.5,0,0,464,54.95316124
465,0,3.5,3,0,-0.5,0,-0.5,-0.5,-0.5,2437,2437,1,2435,0,0,3.5,3.5,0,0,465,55.08198595
466,0,3.5,3,0,-0.5,0,-0.5,-0.5,-0.5,2431,2431,1,2429,0,0,3.5,3.5,0,0,466,55.17986012
467,0,3.5,3,0,-0.5,0,-0.5,-0.5,-0.5,2429,2429,1,2427,0,0,3.5,3.5,0,0,467,55.26480937
468,0,3.5,3,0,-0.5,0,-0.5,-0.5,-0.5,2429,2429,1,2426,0,0,3.5,3.5,0,0,468,55.33465409
469,0,3.5,3,0,-0.5,0,-0.5,-0.5,-0.5,2423,2423,1,2421,0,0,3.5,3.5,0,0,469,55.41982555
470,0,3.5,3,0,-0.5,0,-0.5,-0.5,-0.5,2423,2423,1,2418,0,0,3.5,3.5,0,0,470,55.5054934
471,0,3.5,3,0,-0.5,0,-0.5,-0.5,-0.5,2416,2416,1,2414,0,0,3.5,3.5,0,0,471,55.59027314
472,0,3.5,3,0,-0.5,0,-0.5,-0.5,-0.5,2416,2416,1,2416,0,0,3.5,3.5,0,0,472,55.67592216
473,0,3.5,3,0,-0.5,0,-0.5,-0.5,-0.5,2403,2403,1,2401,0,0,3.5,3.5,0,0,473,55.76100183
474,0,3.5,3,0,-0.5,0,-0.5,-0.5,-0.5,2396,2396,1,2394,0,0,3.5,3.5,0,0,474,55.84589624
475,0,3.5,3,0,-0.5,0,-0.5,-0.5,-0.5,2396,2396,1,2407,0,0,3.5,3.5,0,0,475,55.93155479
476,0,3.5,3,0,-0.5,0,-0.5,-0.5,-0.5,2392,2392,1,2390,0,0,3.5,3.5,0,0,476,56.01621604
477,0,3.5,3,0,-0.5,0,-0.5,-0.5,-0.5,2392,2392,1,2399,0,0,3.5,3.5,0,0,477,56.09378767
478,0,3.5,3,0,-0.5,0,-0.5,-0.5,-0.5,2387,2387,1,2385,0,0,3.5,3.5,0,0,478,56.17849302
479,0,3.5,3,0,-0.5,0,-0.5,-0.5,-0.5,2386,2386,1,2384,0,0,3.5,3.5,0,0,479,56.26325321
480,0,3.5,3,0,-0.5,0,-0.5,-0.5,-0.5,2386,2386,1,2379,0,0,3.5,3.5,0,0,480,56.33279657
481,0,3.5,3,0,-0.5,0,-0.5,-0.5,-0.5,2376,2376,1,2374,0,0,3.5,3.5,0,0,481,56.41771197
482,0,3.5,3,0,-0.5,0,-0.5,-0.5,-0.5,2372,2372,1,2370,0,0,3.5,3.5,0,0,482,56.50234032
483,0,3.5,3,0,-0.5,0,-0.5,-0.5,-0.5,2371,2371,1,2369,0,0,3.5,3.5,0,0,483,56.5870769
484,0,3.5,3,0,-0.5,0,-0.5,-0.5,-0.5,2371,2371,1,2374,0,0,3.5,3.5,0,0,484,56.65669131
485,0,3.5,3,0,-0.5,0,-0.5,-0.5,-0.5,2370,2370,1,2368,0,0,3.5,3.5,0,0,485,56.74169421
486,0,3.5,3,0,-0.5,0,-0.5,-0.5,-0.5,2365,2365,1,2363,0,0,3.5,3.5,0,0,486,56.82645035
487,0,3.5,3,0,-0.5,0,-0.5,-0.5,-0.5,2365,2365,1,2362,0,0,3.5,3.5,0,0,487,56.90419197
488,0,3.5,3,0,-0.5,0,-0.5,-0.5,-0.5,2361,2361,1,2359,0,0,3.5,3.5,0,0,488,56.98894882
489,0,3.5,3,0,-0.5,0,-0.5,-0.5,-0.5,2358,2358,1,2356,0,0,3.5,3.5,0,0,489,57.07372904
490,0,3.5,3,0,-0.5,0,-0.5,-0.5,-0.5,2358,2358,1,2358,0,0,3.5,3.5,0,0,490,57.15925884
491,0,3.5,3,0,-0.5,0,-0.5,-0.5,-0.5,2354,2354,1,2352,0,0,3.5,3.5,0,0,491,57.24409604
492,0,3.5,3,0,-0.5,0,-0.5,-0.5,-0.5,2354,2354,1,2349,0,0,3.5,3.5,0,0,492,57.32971764
493,0,3.5,3,0,-0.5,0,-0.5,-0.5,-0.5,2351,2351,1,2349,0,0,3.5,3.5,0,0,493,57.41445899
494,0,3.5,3,0,-0.5,0,-0.5,-0.5,-0.5,2351,2351,1,2353,0,0,3.5,3.5,0,0,494,57.50010777
495,0,3.5,3,0,-0.5,0,-0.5,-0.5,-0.5,2341,2341,1,2339,0,0,3.5,3.5,0,0,495,57.58506632
496,0,3.5,3,0,-0.5,0,-0.5,-0.5,-0.5,2341,2341,1,2342,0,0,3.5,3.5,0,0,496,57.67811799
497,0,3.5,3,0,-0.5,0,-0.5,-0.5,-0.5,2333,2333,1,2331,0,0,3.5,3.5,0,0,497,57.76324964
498,0,3.5,3,0,-0.5,0,-0.5,-0.5,-0.5,2330,2330,1,2328,0,0,3.5,3.5,0,0,498,57.84824276
499,0,3.5,3,0,-0.5,0,-0.5,-0.5,-0.5,2330,2330,1,2334,0,0,3.5,3.5,0,0,499,57.93373799
500,0,3.5,3,0,-0.5,0,-0.5,-0.5,-0.5,2328,2328,1,2326,0,0,3.5,3.5,0,0,500,58.01840377
501,0,3.5,3,0,-0.5,0,-0.5,-0.5,-0.5,2328,2328,1,2332,0,0,3.5,3.5,0,0,501,58.09593034
502,0,3.5,3,0,-0.5,0,-0.5,-0.5,-0.5,2326,2326,1,2324,0,0,3.5,3.5,0,0,502,58.1805253
503,0,3.5,3,0,-0.5,0,-0.5,-0.5,-0.5,2326,2326,1,2331,0,0,3.5,3.5,0,0,503,58.25011873
504,0,3.5,4,0,0.5,0,0.5,0.5,0.5,2326,8739,3,14071,0,0,3.5,3.5,0,0,504,58.33595657
505,0,3.5,3,0,-0.5,0,-0.5,-0.5,-0.5,2808,2808,1,2742,0,0,3.5,3.5,0,0,505,59.15602851
506,0,3.5,3,0,-0.5,0,-0.5,-0.5,-0.5,2425,2425,1,2410,0,0,3.5,3.5,0,0,506,59.39452767
507,0,3.5,3,0,-0.5,0,-0.5,-0.5,-0.5,2389,2389,1,2386,0,0,3.5,3.5,0,0,507,59.51457858
508,0,3.5,3,0,-0.5,0,-0.5,-0.5,-0.5,2387,2387,1,2384,0,0,3.5,3.5,0,0,508,59.59941316
509,0,3.5,3,0,-0.5,0,-0.5,-0.5,-0.5,2387,2387,1,2382,0,0,3.5,3.5,0,0,509,59.66911101
510,0,3.5,3,0,-0.5,0,-0.5,-0.5,-0.5,2366,2366,1,2363,0,0,3.5,3.5,0,0,510,59.75432277
511,0,3.5,3,0,-0.5,0,-0.5,-0.5,-0.5,2364,2364,1,2361,0,0,3.5,3.5,0,0,511,59.84844351
512,0,3.5,3,0,-0.5,0,-0.5,-0.5,-0.5,2364,2364,1,2365,0,0,3.5,3.5,0,0,512,59.91802716
513,0,3.5,3,0,-0.5,0,-0.5,-0.5,-0.5,2359,2359,1,2356,0,0,3.5,3.5,0,0,513,60.00285316
514,0,3.5,3,0,-0.5,0,-0.5,-0.5,-0.5,2358,2358,1,2355,0,0,3.5,3.5,0,0,514,60.08750486
515,0,3.5,3,0,-0.5,0,-0.5,-0.5,-0.5,2358,2358,1,2357,0,0,3.5,3.5,0,0,515,60.15711045
516,0,3.5,3,0,-0.5,0,-0.5,-0.5,-0.5,2355,2355,1,2352,0,0,3.5,3.5,0,0,516,60.24183464
517,0,3.5,3,0,-0.5,0,-0.5,-0.5,-0.5,2355,2355,1,2360,0,0,3.5,3.5,0,0,517,60.31943798
518,0,3.5,3,0,-0.5,0,-0.5,-0.5,-0.5,2352,2352,1,2347,0,0,3.5,3.5,0,0,518,60.40412331
519,0,3.5,3,0,-0.5,0,-0.5,-0.5,-0.5,2350,2350,1,2352,0,0,3.5,3.5,0,0,519,60.48993206
520,0,3.5,3,0,-0.5,0,-0.5,-0.5,-0.5,2344.5,2344.5,1,2339,0,0,3.5,3.5,0,0,520,60.56658006
521,0,3.5,3,0,-0.5,0,-0.5,-0.5,-0.5,2342,2342,1,2344,0,0,3.5,3.5,0,0,521,60.65232444
522,0,3.5,3,0,-0.5,0,-0.5,-0.5,-0.5,2340,2340,1,2337,0,0,3.5,3.5,0,0,522,60.73723626
523,0,3.5,3,0,-0.5,0,-0.5,-0.5,-0.5,2340,2340,1,2347,0,0,3.5,3.5,0,0,523,60.82305431
524,0,3.5,4,0,0.5,0,0.5,0.5,0.5,2340,8849.5,3,14021,0,0,3.5,3.5,0,0,524,60.89288425
525,0,3.5,3,0,-0.5,0,-0.5,-0.5,-0.5,2852.75,2852.75,1,2779,0,0,3.5,3.5,0,0,525,61.77765822
526,0,3.5,3,0,-0.5,0,-0.5,-0.5,-0.5,2428.5,2428.5,1,2416,0,0,3.5,3.5,0,0,526,62.0394249
527,0,3.5,3,0,-0.5,0,-0.5,-0.5,-0.5,2401.5,2401.5,1,2394,0,0,3.5,3.5,0,0,527,62.16572547
528,0,3.5,3,0,-0.5,0,-0.5,-0.5,-0.5,2396.5,2396.5,1,2389,0,0,3.5,3.5,0,0,528,62.25122476
529,0,3.5,3,0,-0.5,0,-0.5,-0.5,-0.5,2395.5,2395.5,1,2388,0,0,3.5,3.5,0,0,529,62.33658099
530,0,3.5,3,0,-0.5,0,-0.5,-0.5,-0.5,2395.5,2395.5,1,2384,0,0,3.5,3.5,0,0,530,62.4064126
531,0,3.5,3,0,-0.5,0,-0.5,-0.5,-0.5,2387.5,2387.5,1,2380,0,0,3.5,3.5,0,0,531,62.49178982
532,0,3.5,3,0,-0.5,0,-0.5,-0.5,-0.5,2385.5,2385.5,1,2378,0,0,3.5,3.5,0,0,532,62.57697749
533,0,3.5,3,0,-0.5,0,-0.5,-0.5,-0.5,2383.5,2383.5,1,2376,0,0,3.5,3.5,0,0,533,62.66236806
534,0,3.5,3,0,-0.5,0,-0.5,-0.5,-0.5,2383.5,2383.5,1,2376,0,0,3.5,3.5,0,0,534,62.74126196
535,0,3.5,3,0,-0.5,0,-0.5,-0.5,-0.5,2369.5,2369.5,1,2362,0,0,3.5,3.5,0,0,535,62.82677507
536,0,3.5,3,0,-0.5,0,-0.5,-0.5,-0.5,2369.5,2369.5,1,2361,0,0,3.5,3.5,0,0,536,62.91304755
537,0,3.5,3,0,-0.5,0,-0.5,-0.5,-0.5,2347.5,2347.5,1,2340,0,0,3.5,3.5,0,0,537,62.99903178
538,0,3.5,3,0,-0.5,0,-0.5,-0.5,-0.5,2343.5,2343.5,1,2336,0,0,3.5,3.5,0,0,538,63.08431077
539,0,3.5,3,0,-0.5,0,-0.5,-0.5,-0.5,2343.5,2343.5,1,2333,0,0,3.5,3.5,0,0,539,63.1704855
540,0,3.5,3,0,-0.5,0,-0.5,-0.5,-0.5,2331.5,2331.5,1,2324,0,0,3.5,3.5,0,0,540,63.25617862
541,0,3.5,3,0,-0.5,0,-0.5,-0.5,-0.5,2325.5,2325.5,1,2318,0,0,3.5,3.5,0,0,541,63.34157181
542,0,3.5,3,0,-0.5,0,-0.5,-0.5,-0.5,2324.5,2324.5,1,2317,0,0,3.5,3.5,0,0,542,63.42670155
543,0,3.5,3,0,-0.5,0,-0.5,-0.5,-0.5,2324.5,2324.5,1,2324,0,0,3.5,3.5,0,0,543,63.49654794
544,0,3.5,3,0,-0.5,0,-0.5,-0.5,-0.5,2320.5,2320.5,1,2313,0,0,3.5,3.5,0,0,544,63.58172631
545,0,3.5,3,0,-0.5,0,-0.5,-0.5,-0.5,2320.5,2320.5,1,2320,0,0,3.5,3.5,0,0,545,63.66784477
546,0,3.5,3,0,-0.5,0,-0.5,-0.5,-0.5,2318.5,2318.5,1,2311,0,0,3.5,3.5,0,0,546,63.75294399
547,0,3.5,3,0,-0.5,0,-0.5,-0.5,-0.5,2318.5,2318.5,1,2313,0,0,3.5,3.5,0,0,547,63.82269144
548,0,3.5,3,0,-0.5,0,-0.5,-0.5,-0.5,2313.5,2313.5,1,2306,0,0,3.5,3.5,0,0,548,63.91806602
549,0,3.5,3,0,-0.5,0,-0.5,-0.5,-0.5,2313.5,2313.5,1,2309,0,0,3.5,3.5,0,0,549,64.00449514
550,0,3.5,3,0,-0.5,0,-0.5,-0.5,-0.5,2303.5,2303.5,1,2296,0,0,3.5,3.5,0,0,550,64.08970737
551,0,3.5,3,0,-0.5,0,-0.5,-0.5,-0.5,2302.5,2302.5,1,2295,0,0,3.5,3.5,0,0,551,64.17486835
552,0,3.5,3,0,-0.5,0,-0.5,-0.5,-0.5,2302.5,2302.5,1,2299,0,0,3.5,3.5,0,0,552,64.24458361
553,0,3.5,3,0,-0.5,0,-0.5,-0.5,-0.5,2298.5,2298.5,1,2291,0,0,3.5,3.5,0,0,553,64.32981777
554,0,3.5,3,0,-0.5,0,-0.5,-0.5,-0.5,2297.5,2297.5,1,2290,0,0,3.5,3.5,0,0,554,64.4147923
555,0,3.5,3,0,-0.5,0,-0.5,-0.5,-0.5,2297.5,2297.5,1,2297,0,0,3.5,3.5,0,0,555,64.48461342
556,0,3.5,2,0,-1.5,0,-1.5,-1.5,-1.5,2297.5,8769,3,23413,0,0,3.5,3.5,0,0,556,64.57100868
557,0,3.5,3,0,-0.5,0,-0.5,-0.5,-0.5,2755.166667,2755.166667,1,2676,0,0,3.5,3.5,0,0,557,65.41395497
558,0,3.5,3,0,-0.5,0,-0.5,-0.5,-0.5,2369.5,2369.5,1,2359,0,0,3.5,3.5,0,0,558,65.66630435
559,0,3.5,3,0,-0.5,0,-0.5,-0.5,-0.5,2351,2351,1,2345,0,0,3.5,3.5,0,0,559,65.79313827
560,0,3.5,3,0,-0.5,0,-0.5,-0.5,-0.5,2349,2349,1,2343,0,0,3.5,3.5,0,0,560,65.87850857
561,0,3.5,3,0,-0.5,0,-0.5,-0.5,-0.5,2349,2349,1,2342,0,0,3.5,3.5,0,0,561,65.96478868
562,0,3.5,3,0,-0.5,0,-0.5,-0.5,-0.5,2335,2335,1,2329,0,0,3.5,3.5,0,0,562,66.05037117
563,0,3.5,3,0,-0.5,0,-0.5,-0.5,-0.5,2335,2335,1,2320,0,0,3.5,3.5,0,0,563,66.13649726
564,0,3.5,3,0,-0.5,0,-0.5,-0.5,-0.5,2307,2307,1,2298,0,0,3.5,3.5,0,0,564,66.22218585
565,0,3.5,3,0,-0.5,0,-0.5,-0.5,-0.5,2306,2306,1,2300,0,0,3.5,3.5,0,0,565,66.30740595
566,0,3.5,3,0,-0.5,0,-0.5,-0.5,-0.5,2306,2306,1,2297,0,0,3.5,3.5,0,0,566,66.37701154
567,0,3.5,3,0,-0.5,0,-0.5,-0.5,-0.5,2295,2295,1,2289,0,0,3.5,3.5,0,0,567,66.46202397
568,0,3.5,3,0,-0.5,0,-0.5,-0.5,-0.5,2295,2295,1,2286,0,0,3.5,3.5,0,0,568,66.54801273
569,0,3.5,3,0,-0.5,0,-0.5,-0.5,-0.5,2281,2281,1,2275,0,0,3.5,3.5,0,0,569,66.63350296
570,0,3.5,3,0,-0.5,0,-0.5,-0.5,-0.5,2281,2281,1,2277,0,0,3.5,3.5,0,0,570,66.71936297
571,0,3.5,3,0,-0.5,0,-0.5,-0.5,-0.5,2276,2276,1,2270,0,0,3.5,3.5,0,0,571,66.80435228
572,0,3.5,3,0,-0.5,0,-0.5,-0.5,-0.5,2276,2276,1,2271,0,0,3.5,3.5,0,0,572,66.89037156
573,0,3.5,3,0,-0.5,0,-0.5,-0.5,-0.5,2270.5,2270.5,1,2263,0,0,3.5,3.5,0,0,573,66.97587442
574,0,3.5,3,0,-0.5,0,-0.5,-0.5,-0.5,2270,2270,1,2264,0,0,3.5,3.5,0,0,574,67.06111169
575,0,3.5,3,0,-0.5,0,-0.5,-0.5,-0.5,2270,2270,1,2262,0,0,3.5,3.5,0,0,575,67.13084292
576,0,3.5,3,0,-0.5,0,-0.5,-0.5,-0.5,2264,2264,1,2258,0,0,3.5,3.5,0,0,576,67.21612263
577,0,3.5,3,0,-0.5,0,-0.5,-0.5,-0.5,2263,2263,1,2257,0,0,3.5,3.5,0,0,577,67.30120635
578,0,3.5,3,0,-0.5,0,-0.5,-0.5,-0.5,2263,2263,1,2258,0,0,3.5,3.5,0,0,578,67.37084675
579,0,3.5,3,0,-0.5,0,-0.5,-0.5,-0.5,2261,2261,1,2255,0,0,3.5,3.5,0,0,579,67.45578051
580,0,3.5,3,0,-0.5,0,-0.5,-0.5,-0.5,2259,2259,1,2253,0,0,3.5,3.5,0,0,580,67.5406456
581,0,3.5,3,0,-0.5,0,-0.5,-0.5,-0.5,2259,2259,1,2244,0,0,3.5,3.5,0,0,581,67.61030865
582,0,3.5,3,0,-0.5,0,-0.5,-0.5,-0.5,2249,2249,1,2243,0,0,3.5,3.5,0,0,582,67.69543314
583,0,3.5,3,0,-0.5,0,-0.5,-0.5,-0.5,2241,2241,1,2235,0,0,3.5,3.5,0,0,583,67.78045177
584,0,3.5,3,0,-0.5,0,-0.5,-0.5,-0.5,2241,2241,1,2241,0,0,3.5,3.5,0,0,584,67.86640596
585,0,3.5,3,0,-0.5,0,-0.5,-0.5,-0.5,2237,2237,1,2230,0,0,3.5,3.5,0,0,585,67.95162344
586,0,3.5,3,0,-0.5,0,-0.5,-0.5,-0.5,2237,2237,1,2231,0,0,3.5,3.5,0,0,586,68.03760672
587,0,3.5,3,0,-0.5,0,-0.5,-0.5,-0.5,2235,2235,1,2228,0,0,3.5,3.5,0,0,587,68.11438107
588,0,3.5,3,0,-0.5,0,-0.5,-0.5,-0.5,2235,2235,1,2230,0,0,3.5,3.5,0,0,588,68.18400311
589,0,3.5,3,0,-0.5,0,-0.5,-0.5,-0.5,2234,2234,1,2227,0,0,3.5,3.5,0,0,589,68.26089859
590,0,3.5,3,0,-0.5,0,-0.5,-0.5,-0.5,2234,2234,1,2230,0,0,3.5,3.5,0,0,590,68.33062148
591,0,3.5,3,0,-0.5,0,-0.5,-0.5,-0.5,2232,2232,1,2225,0,0,3.5,3.5,0,0,591,68.41568565
592,0,3.5,3,0,-0.5,0,-0.5,-0.5,-0.5,2232,2232,1,2228,0,0,3.5,3.5,0,0,592,68.51195908
593,0,3.5,3,0,-0.5,0,-0.5,-0.5,-0.5,2226,2226,1,2219,0,0,3.5,3.5,0,0,593,68.59712672
594,0,3.5,3,0,-0.5,0,-0.5,-0.5,-0.5,2226,2226,1,2222,0,0,3.5,3.5,0,0,594,68.68301916
595,0,3.5,3,0,-0.5,0,-0.5,-0.5,-0.5,2224,2224,1,2217,0,0,3.5,3.5,0,0,595,68.76781225
596,0,3.5,3,0,-0.5,0,-0.5,-0.5,-0.5,2222,2222,1,2215,0,0,3.5,3.5,0,0,596,68.85288334
597,0,3.5,3,0,-0.5,0,-0.5,-0.5,-0.5,2222,2222,1,2219,0,0,3.5,3.5,0,0,597,68.92287493
598,0,3.5,3,0,-0.5,0,-0.5,-0.5,-0.5,2213,2213,1,2206,0,0,3.5,3.5,0,0,598,69.00797629
599,0,3.5,3,0,-0.5,0,-0.5,-0.5,-0.5,2213,2213,1,2212,0,0,3.5,3.5,0,0,599,69.09415364
600,0,3.5,3,0,-0.5,0,-0.5,-0.5,-0.5,2206,2206,1,2198,0,0,3.5,3.5,0,0,600,69.17932105
601,0,3.5,3,0,-0.5,0,-0.5,-0.5,-0.5,2204,2204,1,2196,0,0,3.5,3.5,0,0,601,69.26443505
602,0,3.5,3,0,-0.5,0,-0.5,-0.5,-0.5,2204,2204,1,2194,0,0,3.5,3.5,0,0,602,69.33436584
603,0,3.5,3,0,-0.5,0,-0.5,-0.5,-0.5,2198.5,2198.5,1,2188,0,0,3.5,3.5,0,0,603,69.41955185
604,0,3.5,3,0,-0.5,0,-0.5,-0.5,-0.5,2198,2198,1,2190,0,0,3.5,3.5,0,0,604,69.50480509
605,0,3.5,3,0,-0.5,0,-0.5,-0.5,-0.5,2190,2190,1,2182,0,0,3.5,3.5,0,0,605,69.58982611
606,0,3.5,3,0,-0.5,0,-0.5,-0.5,-0.5,2190,2190,1,2182,0,0,3.5,3.5,0,0,606,69.67579865
607,0,3.5,3,0,-0.5,0,-0.5,-0.5,-0.5,2186,2186,1,2178,0,0,3.5,3.5,0,0,607,69.76100016
608,0,3.5,3,0,-0.5,0,-0.5,-0.5,-0.5,2183,2183,1,2175,0,0,3.5,3.5,0,0,608,69.84613085
609,0,3.5,3,0,-0.5,0,-0.5,-0.5,-0.5,2181,2181,1,2173,0,0,3.5,3.5,0,0,609,69.93123055
610,0,3.5,3,0,-0.5,0,-0.5,-0.5,-0.5,2180,2180,1,2172,0,0,3.5,3.5,0,0,610,70.01632309
611,0,3.5,3,0,-0.5,0,-0.5,-0.5,-0.5,2180,2180,1,2177,0,0,3.5,3.5,0,0,611,70.09419918
612,0,3.5,3,0,-0.5,0,-0.5,-0.5,-0.5,2179,2179,1,2171,0,0,3.5,3.5,0,0,612,70.17938042
613,0,3.5,3,0,-0.5,0,-0.5,-0.5,-0.5,2179,2179,1,2169,0,0,3.5,3.5,0,0,613,70.26522565
614,0,3.5,3,0,-0.5,0,-0.5,-0.5,-0.5,2168,2168,1,2160,0,0,3.5,3.5,0,0,614,70.35045052
615,0,3.5,3,0,-0.5,0,-0.5,-0.5,-0.5,2167,2167,1,2159,0,0,3.5,3.5,0,0,615,70.43564272
616,0,3.5,3,0,-0.5,0,-0.5,-0.5,-0.5,2167,2167,1,2158,0,0,3.5,3.5,0,0,616,70.52172756
617,0,3.5,3,0,-0.5,0,-0.5,-0.5,-0.5,2155,2155,1,2147,0,0,3.5,3.5,0,0,617,70.60680294
618,0,3.5,3,0,-0.5,0,-0.5,-0.5,-0.5,2155,2155,1,2144,0,0,3.5,3.5,0,0,618,70.6928761
619,0,3.5,3,0,-0.5,0,-0.5,-0.5,-0.5,2153,2153,1,2145,0,0,3.5,3.5,0,0,619,70.77811217
620,0,3.5,3,0,-0.5,0,-0.5,-0.5,-0.5,2153,2153,1,2135,0,0,3.5,3.5,0,0,620,70.86405587
621,0,3.5,3,0,-0.5,0,-0.5,-0.5,-0.5,2135,2135,1,2127,0,0,3.5,3.5,0,0,621,70.95012045
622,0,3.5,3,0,-0.5,0,-0.5,-0.5,-0.5,2135,2135,1,2127,0,0,3.5,3.5,0,0,622,71.03640509
623,0,3.5,3,0,-0.5,0,-0.5,-0.5,-0.5,2128,2128,1,2120,0,0,3.5,3.5,0,0,623,71.12163186
624,0,3.5,3,0,-0.5,0,-0.5,-0.5,-0.5,2128,2128,1,2119,0,0,3.5,3.5,0,0,624,71.20763922
625,0,3.5,3,0,-0.5,0,-0.5,-0.5,-0.5,2123,2123,1,2115,0,0,3.5,3.5,0,0,625,71.29310322
626,0,3.5,3,0,-0.5,0,-0.5,-0.5,-0.5,2119,2119,1,2113,0,0,3.5,3.5,0,0,626,71.37804818
627,0,3.5,3,0,-0.5,0,-0.5,-0.5,-0.5,2119,2119,1,2117,0,0,3.5,3.5,0,0,627,71.46400571
628,0,3.5,4,0,0.5,0,0.5,0.5,0.5,2119,8503.5,3,13496,0,0,3.5,3.5,0,0,628,71.55003405
629,0,3.5,3,0,-0.5,0,-0.5,-0.5,-0.5,2668.333333,2668.333333,1,2612,0,0,3.5,3.5,0,0,629,72.30605316
630,0,3.5,3,0,-0.5,0,-0.5,-0.5,-0.5,2335,2335,1,2329,0,0,3.5,3.5,0,0,630,72.54440379
631,0,3.5,3,0,-0.5,0,-0.5,-0.5,-0.5,2306.5,2306.5,1,2302,0,0,3.5,3.5,0,0,631,72.66997361
632,0,3.5,3,0,-0.5,0,-0.5,-0.5,-0.5,2306.5,2306.5,1,2305,0,0,3.5,3.5,0,0,632,72.76194263
633,0,3.5,3,0,-0.5,0,-0.5,-0.5,-0.5,2298.5,2298.5,1,2294,0,0,3.5,3.5,0,0,633,72.84730768
634,0,3.5,3,0,-0.5,0,-0.5,-0.5,-0.5,2298.5,2298.5,1,2305,0,0,3.5,3.5,0,0,634,72.93351984
635,0,3.5,3,0,-0.5,0,-0.5,-0.5,-0.5,2296.5,2296.5,1,2292,0,0,3.5,3.5,0,0,635,73.0185287
636,0,3.5,3,0,-0.5,0,-0.5,-0.5,-0.5,2296.5,2296.5,1,2291,0,0,3.5,3.5,0,0,636,73.11485314
637,0,3.5,3,0,-0.5,0,-0.5,-0.5,-0.5,2292.5,2292.5,1,2288,0,0,3.5,3.5,0,0,637,73.20031881
638,0,3.5,3,0,-0.5,0,-0.5,-0.5,-0.5,2290.5,2290.5,1,2286,0,0,3.5,3.5,0,0,638,73.29247546
639,0,3.5,3,0,-0.5,0,-0.5,-0.5,-0.5,2290.5,2290.5,1,2292,0,0,3.5,3.5,0,0,639,73.38885212
640,0,3.5,3,0,-0.5,0,-0.5,-0.5,-0.5,2287.5,2287.5,1,2283,0,0,3.5,3.5,0,0,640,73.4742949
641,0,3.5,3,0,-0.5,0,-0.5,-0.5,-0.5,2287.5,2287.5,1,2285,0,0,3.5,3.5,0,0,641,73.55229568
642,0,3.5,3,0,-0.5,0,-0.5,-0.5,-0.5,2285.5,2285.5,1,2281,0,0,3.5,3.5,0,0,642,73.63731217
643,0,3.5,3,0,-0.5,0,-0.5,-0.5,-0.5,2285.5,2285.5,1,2282,0,0,3.5,3.5,0,0,643,73.70732403
644,0,3.5,3,0,-0.5,0,-0.5,-0.5,-0.5,2283.5,2283.5,1,2279,0,0,3.5,3.5,0,0,644,73.792593
645,0,3.5,3,0,-0.5,0,-0.5,-0.5,-0.5,2283.5,2283.5,1,2288,0,0,3.5,3.5,0,0,645,73.87057567
646,0,3.5,4,0,0.5,0,0.5,0.5,0.5,2283.5,8699.5,3,13852,0,0,3.5,3.5,0,0,646,73.95686173
647,0,3.5,3,0,-0.5,0,-0.5,-0.5,-0.5,2717,2717,1,2671,0,0,3.5,3.5,0,0,647,74.7237618
648,0,3.5,3,0,-0.5,0,-0.5,-0.5,-0.5,2362.5,2362.5,1,2358,0,0,3.5,3.5,0,0,648,74.95243716
649,0,3.5,3,0,-0.5,0,-0.5,-0.5,-0.5,2322.5,2322.5,1,2321,0,0,3.5,3.5,0,0,649,75.07709455
650,0,3.5,3,0,-0.5,0,-0.5,-0.5,-0.5,2318.5,2318.5,1,2317,0,0,3.5,3.5,0,0,650,75.17360306
651,0,3.5,3,0,-0.5,0,-0.5,-0.5,-0.5,2315.5,2315.5,1,2314,0,0,3.5,3.5,0,0,651,75.25895286
652,0,3.5,3,0,-0.5,0,-0.5,-0.5,-0.5,2315.5,2315.5,1,2314,0,0,3.5,3.5,0,0,652,75.32901478
653,0,3.5,3,0,-0.5,0,-0.5,-0.5,-0.5,2312.5,2312.5,1,2311,0,0,3.5,3.5,0,0,653,75.4141562
654,0,3.5,3,0,-0.5,0,-0.5,-0.5,-0.5,2312.5,2312.5,1,2309,0,0,3.5,3.5,0,0,654,75.50026679
655,0,3.5,3,0,-0.5,0,-0.5,-0.5,-0.5,2299.5,2299.5,1,2298,0,0,3.5,3.5,0,0,655,75.58578181
656,0,3.5,3,0,-0.5,0,-0.5,-0.5,-0.5,2298.5,2298.5,1,2297,0,0,3.5,3.5,0,0,656,75.67777276
657,0,3.5,3,0,-0.5,0,-0.5,-0.5,-0.5,2297.5,2297.5,1,2296,0,0,3.5,3.5,0,0,657,75.77325082
658,0,3.5,3,0,-0.5,0,-0.5,-0.5,-0.5,2297.5,2297.5,1,2296,0,0,3.5,3.5,0,0,658,75.84352612
659,0,3.5,3,0,-0.5,0,-0.5,-0.5,-0.5,2289.5,2289.5,1,2286,0,0,3.5,3.5,0,0,659,75.92897201
660,0,3.5,3,0,-0.5,0,-0.5,-0.5,-0.5,2280.5,2280.5,1,2279,0,0,3.5,3.5,0,0,660,76.02300119
661,0,3.5,3,0,-0.5,0,-0.5,-0.5,-0.5,2280.5,2280.5,1,2273,0,0,3.5,3.5,0,0,661,76.10935426
662,0,3.5,3,0,-0.5,0,-0.5,-0.5,-0.5,2261.5,2261.5,1,2260,0,0,3.5,3.5,0,0,662,76.19482732
663,0,3.5,3,0,-0.5,0,-0.5,-0.5,-0.5,2251.5,2251.5,1,2250,0,0,3.5,3.5,0,0,663,76.28036332
664,0,3.5,3,0,-0.5,0,-0.5,-0.5,-0.5,2251.5,2251.5,1,2248,0,0,3.5,3.5,0,0,664,76.35859227
665,0,3.5,3,0,-0.5,0,-0.5,-0.5,-0.5,2241.5,2241.5,1,2240,0,0,3.5,3.5,0,0,665,76.4442234
666,0,3.5,3,0,-0.5,0,-0.5,-0.5,-0.5,2233.5,2233.5,1,2232,0,0,3.5,3.5,0,0,666,76.53741097
667,0,3.5,3,0,-0.5,0,-0.5,-0.5,-0.5,2231.5,2231.5,1,2230,0,0,3.5,3.5,0,0,667,76.6227448
668,0,3.5,3,0,-0.5,0,-0.5,-0.5,-0.5,2231.5,2231.5,1,2222,0,0,3.5,3.5,0,0,668,76.70084929
669,0,3.5,3,0,-0.5,0,-0.5,-0.5,-0.5,2210.5,2210.5,1,2209,0,0,3.5,3.5,0,0,669,76.78622055
670,0,3.5,3,0,-0.5,0,-0.5,-0.5,-0.5,2207.5,2207.5,1,2206,0,0,3.5,3.5,0,0,670,76.87168431
671,0,3.5,3,0,-0.5,0,-0.5,-0.5,-0.5,2207.5,2207.5,1,2205,0,0,3.5,3.5,0,0,671,76.95787859
672,0,3.5,3,0,-0.5,0,-0.5,-0.5,-0.5,2196.5,2196.5,1,2195,0,0,3.5,3.5,0,0,672,77.04339314
673,0,3.5,3,0,-0.5,0,-0.5,-0.5,-0.5,2192.5,2192.5,1,2191,0,0,3.5,3.5,0,0,673,77.13825679
674,0,3.5,3,0,-0.5,0,-0.5,-0.5,-0.5,2191.5,2191.5,1,2190,0,0,3.5,3.5,0,0,674,77.22329259
675,0,3.5,3,0,-0.5,0,-0.5,-0.5,-0.5,2191.5,2191.5,1,2185,0,0,3.5,3.5,0,0,675,77.29329848
676,0,3.5,3,0,-0.5,0,-0.5,-0.5,-0.5,2177.5,2177.5,1,2176,0,0,3.5,3.5,0,0,676,77.37854815
677,0,3.5,3,0,-0.5,0,-0.5,-0.5,-0.5,2176.5,2176.5,1,2175,0,0,3.5,3.5,0,0,677,77.47038984
678,0,3.5,3,0,-0.5,0,-0.5,-0.5,-0.5,2176.5,2176.5,1,2175,0,0,3.5,3.5,0,0,678,77.54844761
679,0,3.5,3,0,-0.5,0,-0.5,-0.5,-0.5,2172.5,2172.5,1,2169,0,0,3.5,3.5,0,0,679,77.63394547
680,0,3.5,3,0,-0.5,0,-0.5,-0.5,-0.5,2172.5,2172.5,1,2171,0,0,3.5,3.5,0,0,680,77.7189784
681,0,3.5,3,0,-0.5,0,-0.5,-0.5,-0.5,2172.5,2172.5,1,2167,0,0,3.5,3.5,0,0,681,77.80534792
682,0,3.5,3,0,-0.5,0,-0.5,-0.5,-0.5,2165,2165,1,2162,0,0,3.5,3.5,0,0,682,77.89054346
683,0,3.5,3,0,-0.5,0,-0.5,-0.5,-0.5,2165,2165,1,2163,0,0,3.5,3.5,0,0,683,77.97670126
684,0,3.5,3,0,-0.5,0,-0.5,-0.5,-0.5,2162,2162,1,2159,0,0,3.5,3.5,0,0,684,78.06197286
685,0,3.5,3,0,-0.5,0,-0.5,-0.5,-0.5,2160,2160,1,2157,0,0,3.5,3.5,0,0,685,78.14700842
686,0,3.5,3,0,-0.5,0,-0.5,-0.5,-0.5,2160,2160,1,2162,0,0,3.5,3.5,0,0,686,78.22507811
687,0,3.5,3,0,-0.5,0,-0.5,-0.5,-0.5,2144,2144,1,2141,0,0,3.5,3.5,0,0,687,78.31052995
688,0,3.5,3,0,-0.5,0,-0.5,-0.5,-0.5,2144,2144,1,2138,0,0,3.5,3.5,0,0,688,78.39659142
689,0,3.5,3,0,-0.5,0,-0.5,-0.5,-0.5,2139,2139,1,2136,0,0,3.5,3.5,0,0,689,78.48236084
690,0,3.5,3,0,-0.5,0,-0.5,-0.5,-0.5,2135,2135,1,2132,0,0,3.5,3.5,0,0,690,78.56743336
691,0,3.5,3,0,-0.5,0,-0.5,-0.5,-0.5,2135,2135,1,2127,0,0,3.5,3.5,0,0,691,78.64558268
692,0,3.5,3,0,-0.5,0,-0.5,-0.5,-0.5,2134,2134,1,2131,0,0,3.5,3.5,0,0,692,78.73090148
693,0,3.5,3,0,-0.5,0,-0.5,-0.5,-0.5,2134,2134,1,2139,0,0,3.5,3.5,0,0,693,78.81692624
694,0,3.5,3,0,-0.5,0,-0.5,-0.5,-0.5,2129,2129,1,2126,0,0,3.5,3.5,0,0,694,78.90245414
695,0,3.5,3,0,-0.5,0,-0.5,-0.5,-0.5,2129,2129,1,2120,0,0,3.5,3.5,0,0,695,78.98857522
696,0,3.5,3,0,-0.5,0,-0.5,-0.5,-0.5,2127,2127,1,2124,0,0,3.5,3.5,0,0,696,79.07354212
697,0,3.5,3,0,-0.5,0,-0.5,-0.5,-0.5,2127,2127,1,2130,0,0,3.5,3.5,0,0,697,79.14348269
698,0,3.5,3,0,-0.5,0,-0.5,-0.5,-0.5,2118,2118,1,2115,0,0,3.5,3.5,0,0,698,79.22856474
699,0,3.5,3,0,-0.5,0,-0.5,-0.5,-0.5,2118,2118,1,2119,0,0,3.5,3.5,0,0,699,79.31476092
700,0,3.5,3,0,-0.5,0,-0.5,-0.5,-0.5,2108,2108,1,2105,0,0,3.5,3.5,0,0,700,79.40009546
701,0,3.5,3,0,-0.5,0,-0.5,-0.5,-0.5,2108,2108,1,2112,0,0,3.5,3.5,0,0,701,79.48630476
702,0,3.5,3,0,-0.5,0,-0.5,-0.5,-0.5,2103,2103,1,2100,0,0,3.5,3.5,0,0,702,79.57156968
703,0,3.5,3,0,-0.5,0,-0.5,-0.5,-0.5,2103,2103,1,2105,0,0,3.5,3.5,0,0,703,79.65759206
704,0,3.5,3,0,-0.5,0,-0.5,-0.5,-0.5,2100,2100,1,2097,0,0,3.5,3.5,0,0,704,79.74272561
705,0,3.5,3,0,-0.5,0,-0.5,-0.5,-0.5,2100,2100,1,2102,0,0,3.5,3.5,0,0,705,79.82880807
706,0,3.5,4,0,0.5,0,0.5,0.5,0.5,2100,8584,3,13771,0,0,3.5,3.5,0,0,706,79.91491961
707,0,3.5,3,0,-0.5,0,-0.5,-0.5,-0.5,2649,2649,1,2603,0,0,3.5,3.5,0,0,707,80.51700258
708,0,3.5,3,0,-0.5,0,-0.5,-0.5,-0.5,2292,2292,1,2282,0,0,3.5,3.5,0,0,708,80.74234176
709,0,3.5,3,0,-0.5,0,-0.5,-0.5,-0.5,2266.5,2266.5,1,2258,0,0,3.5,3.5,0,0,709,80.86099982
710,0,3.5,3,0,-0.5,0,-0.5,-0.5,-0.5,2266.5,2266.5,1,2248,0,0,3.5,3.5,0,0,710,80.94766927
711,0,3.5,3,0,-0.5,0,-0.5,-0.5,-0.5,2249.5,2249.5,1,2241,0,0,3.5,3.5,0,0,711,81.03342438
712,0,3.5,3,0,-0.5,0,-0.5,-0.5,-0.5,2238.5,2238.5,1,2230,0,0,3.5,3.5,0,0,712,81.11892295
713,0,3.5,3,0,-0.5,0,-0.5,-0.5,-0.5,2238.5,2238.5,1,2234,0,0,3.5,3.5,0,0,713,81.20493841
714,0,3.5,2,0,-1.5,0,-1.5,-1.5,-1.5,2238.5,8754,3,24736,0,0,3.5,3.5,0,0,714,81.29103971
715,0,3.5,3,0,-0.5,0,-0.5,-0.5,-0.5,2777.5,2777.5,1,2732,0,0,3.5,3.5,0,0,715,82.07621861
716,0,3.5,3,0,-0.5,0,-0.5,-0.5,-0.5,2379,2379,1,2369,0,0,3.5,3.5,0,0,716,82.31587124
717,0,3.5,3,0,-0.5,0,-0.5,-0.5,-0.5,2351.5,2351.5,1,2345,0,0,3.5,3.5,0,0,717,82.44391775
718,0,3.5,3,0,-0.5,0,-0.5,-0.5,-0.5,2348.5,2348.5,1,2342,0,0,3.5,3.5,0,0,718,82.52925658
719,0,3.5,3,0,-0.5,0,-0.5,-0.5,-0.5,2348.5,2348.5,1,2343,0,0,3.5,3.5,0,0,719,82.615448
720,0,3.5,3,0,-0.5,0,-0.5,-0.5,-0.5,2342.5,2342.5,1,2336,0,0,3.5,3.5,0,0,720,82.70099807
721,0,3.5,3,0,-0.5,0,-0.5,-0.5,-0.5,2342.5,2342.5,1,2335,0,0,3.5,3.5,0,0,721,82.78727484
722,0,3.5,3,0,-0.5,0,-0.5,-0.5,-0.5,2333.5,2333.5,1,2328,0,0,3.5,3.5,0,0,722,82.87277675
723,0,3.5,3,0,-0.5,0,-0.5,-0.5,-0.5,2325.5,2325.5,1,2320,0,0,3.5,3.5,0,0,723,82.95791101
724,0,3.5,3,0,-0.5,0,-0.5,-0.5,-0.5,2325.5,2325.5,1,2319,0,0,3.5,3.5,0,0,724,83.0439167
725,0,3.5,3,0,-0.5,0,-0.5,-0.5,-0.5,2324.5,2324.5,1,2319,0,0,3.5,3.5,0,0,725,83.12864137
726,0,3.5,3,0,-0.5,0,-0.5,-0.5,-0.5,2324.5,2324.5,1,2319,0,0,3.5,3.5,0,0,726,83.19835782
727,0,3.5,3,0,-0.5,0,-0.5,-0.5,-0.5,2323.5,2323.5,1,2318,0,0,3.5,3.5,0,0,727,83.28334999
728,0,3.5,3,0,-0.5,0,-0.5,-0.5,-0.5,2323.5,2323.5,1,2313,0,0,3.5,3.5,0,0,728,83.35300827
729,0,3.5,3,0,-0.5,0,-0.5,-0.5,-0.5,2306.5,2306.5,1,2301,0,0,3.5,3.5,0,0,729,83.43831015
730,0,3.5,3,0,-0.5,0,-0.5,-0.5,-0.5,2306.5,2306.5,1,2310,0,0,3.5,3.5,0,0,730,83.52414465
731,0,3.5,3,0,-0.5,0,-0.5,-0.5,-0.5,2302.5,2302.5,1,2297,0,0,3.5,3.5,0,0,731,83.609128
732,0,3.5,3,0,-0.5,0,-0.5,-0.5,-0.5,2302.5,2302.5,1,2295,0,0,3.5,3.5,0,0,732,83.68689251
733,0,3.5,3,0,-0.5,0,-0.5,-0.5,-0.5,2298.5,2298.5,1,2293,0,0,3.5,3.5,0,0,733,83.77182293
734,0,3.5,3,0,-0.5,0,-0.5,-0.5,-0.5,2297.5,2297.5,1,2292,0,0,3.5,3.5,0,0,734,83.85684681
735,0,3.5,3,0,-0.5,0,-0.5,-0.5,-0.5,2297.5,2297.5,1,2292,0,0,3.5,3.5,0,0,735,83.94265223
736,0,3.5,3,0,-0.5,0,-0.5,-0.5,-0.5,2295.5,2295.5,1,2290,0,0,3.5,3.5,0,0,736,84.02776933
737,0,3.5,3,0,-0.5,0,-0.5,-0.5,-0.5,2293.5,2293.5,1,2288,0,0,3.5,3.5,0,0,737,84.11262012
738,0,3.5,3,0,-0.5,0,-0.5,-0.5,-0.5,2293.5,2293.5,1,2299,0,0,3.5,3.5,0,0,738,84.182446
739,0,3.5,3,0,-0.5,0,-0.5,-0.5,-0.5,2290.5,2290.5,1,2285,0,0,3.5,3.5,0,0,739,84.26751113
740,0,3.5,3,0,-0.5,0,-0.5,-0.5,-0.5,2287.5,2287.5,1,2282,0,0,3.5,3.5,0,0,740,84.35224771
741,0,3.5,3,0,-0.5,0,-0.5,-0.5,-0.5,2287.5,2287.5,1,2279,0,0,3.5,3.5,0,0,741,84.42189217
742,0,3.5,3,0,-0.5,0,-0.5,-0.5,-0.5,2279.5,2279.5,1,2274,0,0,3.5,3.5,0,0,742,84.50699902
743,0,3.5,3,0,-0.5,0,-0.5,-0.5,-0.5,2279.5,2279.5,1,2275,0,0,3.5,3.5,0,0,743,84.5927844
744,0,3.5,3,0,-0.5,0,-0.5,-0.5,-0.5,2268.5,2268.5,1,2263,0,0,3.5,3.5,0,0,744,84.67783952
745,0,3.5,3,0,-0.5,0,-0.5,-0.5,-0.5,2268.5,2268.5,1,2263,0,0,3.5,3.5,0,0,745,84.76370311
746,0,3.5,3,0,-0.5,0,-0.5,-0.5,-0.5,2265.5,2265.5,1,2260,0,0,3.5,3.5,0,0,746,84.84885144
747,0,3.5,3,0,-0.5,0,-0.5,-0.5,-0.5,2265.5,2265.5,1,2263,0,0,3.5,3.5,0,0,747,84.9347043
748,0,3.5,3,0,-0.5,0,-0.5,-0.5,-0.5,2255.5,2255.5,1,2250,0,0,3.5,3.5,0,0,748,85.01967382
749,0,3.5,3,0,-0.5,0,-0.5,-0.5,-0.5,2255.5,2255.5,1,2249,0,0,3.5,3.5,0,0,749,85.10558724
750,0,3.5,3,0,-0.5,0,-0.5,-0.5,-0.5,2254.5,2254.5,1,2249,0,0,3.5,3.5,0,0,750,85.19028521
751,0,3.5,3,0,-0.5,0,-0.5,-0.5,-0.5,2254.5,2254.5,1,2250,0,0,3.5,3.5,0,0,751,85.2760334
752,0,3.5,3,0,-0.5,0,-0.5,-0.5,-0.5,2252.5,2252.5,1,2247,0,0,3.5,3.5,0,0,752,85.36089468
753,0,3.5,3,0,-0.5,0,-0.5,-0.5,-0.5,2250.5,2250.5,1,2245,0,0,3.5,3.5,0,0,753,85.44582295
754,0,3.5,3,0,-0.5,0,-0.5,-0.5,-0.5,2250.5,2250.5,1,2247,0,0,3.5,3.5,0,0,754,85.53162456
755,0,3.5,3,0,-0.5,0,-0.5,-0.5,-0.5,2249.5,2249.5,1,2244,0,0,3.5,3.5,0,0,755,85.60831141
756,0,3.5,3,0,-0.5,0,-0.5,-0.5,-0.5,2249.5,2249.5,1,2246,0,0,3.5,3.5,0,0,756,85.67804909
757,0,3.5,3,0,-0.5,0,-0.5,-0.5,-0.5,2249.5,8732.5,3,19210,0,0,3.5,3.5,0,0,757,85.74777961
758,0,3.5,3,0,-0.5,0,-0.5,-0.5,-0.5,2775.916667,2775.916667,1,2701,0,0,3.5,3.5,0,0,758,86.68675566
759,0,3.5,3,0,-0.5,0,-0.5,-0.5,-0.5,2382.5,2382.5,1,2369,0,0,3.5,3.5,0,0,759,86.91196132
760,0,3.5,3,0,-0.5,0,-0.5,-0.5,-0.5,2336,2336,1,2326,0,0,3.5,3.5,0,0,760,87.04583526
761,0,3.5,3,0,-0.5,0,-0.5,-0.5,-0.5,2334,2334,1,2324,0,0,3.5,3.5,0,0,761,87.13088703
762,0,3.5,3,0,-0.5,0,-0.5,-0.5,-0.5,2334,2334,1,2324,0,0,3.5,3.5,0,0,762,87.20071578
763,0,3.5,3,0,-0.5,0,-0.5,-0.5,-0.5,2327,2327,1,2317,0,0,3.5,3.5,0,0,763,87.28612447
764,0,3.5,3,0,-0.5,0,-0.5,-0.5,-0.5,2327,2327,1,2314,0,0,3.5,3.5,0,0,764,87.37209487
765,0,3.5,3,0,-0.5,0,-0.5,-0.5,-0.5,2312,2312,1,2302,0,0,3.5,3.5,0,0,765,87.45733356
766,0,3.5,3,0,-0.5,0,-0.5,-0.5,-0.5,2311,2311,1,2301,0,0,3.5,3.5,0,0,766,87.54226232
767,0,3.5,3,0,-0.5,0,-0.5,-0.5,-0.5,2311,2311,1,2309,0,0,3.5,3.5,0,0,767,87.61199784
768,0,3.5,3,0,-0.5,0,-0.5,-0.5,-0.5,2308,2308,1,2298,0,0,3.5,3.5,0,0,768,87.69677877
769,0,3.5,3,0,-0.5,0,-0.5,-0.5,-0.5,2308,2308,1,2298,0,0,3.5,3.5,0,0,769,87.78267384
770,0,3.5,3,0,-0.5,0,-0.5,-0.5,-0.5,2308,8627,3,19133,0,0,3.5,3.5,0,0,770,87.86871552
771,0,3.5,3,0,-0.5,0,-0.5,-0.5,-0.5,2729.666667,2729.666667,1,2660,0,0,3.5,3.5,0,0,771,88.48020196
772,0,3.5,3,0,-0.5,0,-0.5,-0.5,-0.5,2283.166667,2283.166667,1,2271,0,0,3.5,3.5,0,0,772,88.71259403
773,0,3.5,3,0,-0.5,0,-0.5,-0.5,-0.5,2249.5,2249.5,1,2244,0,0,3.5,3.5,0,0,773,88.8403852
774,0,3.5,3,0,-0.5,0,-0.5,-0.5,-0.5,2249.5,2249.5,1,2238,0,0,3.5,3.5,0,0,774,88.93710899
775,0,3.5,3,0,-0.5,0,-0.5,-0.5,-0.5,2235.5,2235.5,1,2230,0,0,3.5,3.5,0,0,775,89.02274466
776,0,3.5,3,0,-0.5,0,-0.5,-0.5,-0.5,2234.5,2234.5,1,2229,0,0,3.5,3.5,0,0,776,89.12049079
777,0,3.5,3,0,-0.5,0,-0.5,-0.5,-0.5,2234.5,2234.5,1,2234,0,0,3.5,3.5,0,0,777,89.19026542
778,0,3.5,3,0,-0.5,0,-0.5,-0.5,-0.5,2227.5,2227.5,1,2222,0,0,3.5,3.5,0,0,778,89.27527118
779,0,3.5,3,0,-0.5,0,-0.5,-0.5,-0.5,2227.5,2227.5,1,2217,0,0,3.5,3.5,0,0,779,89.36111522
780,0,3.5,3,0,-0.5,0,-0.5,-0.5,-0.5,2220.5,2220.5,1,2215,0,0,3.5,3.5,0,0,780,89.44648838
781,0,3.5,3,0,-0.5,0,-0.5,-0.5,-0.5,2220.5,2220.5,1,2208,0,0,3.5,3.5,0,0,781,89.53257155
782,0,3.5,3,0,-0.5,0,-0.5,-0.5,-0.5,2208.5,2208.5,1,2203,0,0,3.5,3.5,0,0,782,89.6258142
783,0,3.5,3,0,-0.5,0,-0.5,-0.5,-0.5,2208.5,2208.5,1,2191,0,0,3.5,3.5,0,0,783,89.71179914
784,0,3.5,3,0,-0.5,0,-0.5,-0.5,-0.5,2189.5,2189.5,1,2184,0,0,3.5,3.5,0,0,784,89.79754543
785,0,3.5,3,0,-0.5,0,-0.5,-0.5,-0.5,2186.5,2186.5,1,2181,0,0,3.5,3.5,0,0,785,89.88252378
786,0,3.5,3,0,-0.5,0,-0.5,-0.5,-0.5,2186.5,2186.5,1,2179,0,0,3.5,3.5,0,0,786,89.96015239
787,0,3.5,3,0,-0.5,0,-0.5,-0.5,-0.5,2186.5,2186.5,1,2181,0,0,3.5,3.5,0,0,787,90.04529357
788,0,3.5,3,0,-0.5,0,-0.5,-0.5,-0.5,2186.5,2186.5,1,2180,0,0,3.5,3.5,0,0,788,90.13162637
789,0,3.5,3,0,-0.5,0,-0.5,-0.5,-0.5,2186.5,2186.5,1,2181,0,0,3.5,3.5,0,0,789,90.21732116
790,0,3.5,3,0,-0.5,0,-0.5,-0.5,-0.5,2186.5,2186.5,1,2186,0,0,3.5,3.5,0,0,790,90.30312133
791,0,3.5,4,0,0.5,0,0.5,0.5,0.5,2186.5,8682.5,3,13985,0,0,3.5,3.5,0,0,791,90.3992219
792,0,3.5,3,0,-0.5,0,-0.5,-0.5,-0.5,2713,2713,1,2643,0,0,3.5,3.5,0,0,792,91.21907139
793,0,3.5,3,0,-0.5,0,-0.5,-0.5,-0.5,2336.25,2336.25,1,2324,0,0,3.5,3.5,0,0,793,91.46405506
794,0,3.5,3,0,-0.5,0,-0.5,-0.5,-0.5,2312,2312,1,2301,0,0,3.5,3.5,0,0,794,91.59110141
795,0,3.5,3,0,-0.5,0,-0.5,-0.5,-0.5,2311,2311,1,2300,0,0,3.5,3.5,0,0,795,91.67617297
796,0,3.5,3,0,-0.5,0,-0.5,-0.5,-0.5,2311,2311,1,2296,0,0,3.5,3.5,0,0,796,91.7457459
797,0,3.5,3,0,-0.5,0,-0.5,-0.5,-0.5,2299,2299,1,2286,0,0,3.5,3.5,0,0,797,91.83110833
798,0,3.5,3,0,-0.5,0,-0.5,-0.5,-0.5,2295,2295,1,2282,0,0,3.5,3.5,0,0,798,91.91633821
799,0,3.5,3,0,-0.5,0,-0.5,-0.5,-0.5,2295,2295,1,2279,0,0,3.5,3.5,0,0,799,91.99398613
800,0,3.5,3,0,-0.5,0,-0.5,-0.5,-0.5,2291,2291,1,2278,0,0,3.5,3.5,0,0,800,92.07901192
801,0,3.5,3,0,-0.5,0,-0.5,-0.5,-0.5,2291,2291,1,2275,0,0,3.5,3.5,0,0,801,92.16478705
802,0,3.5,3,0,-0.5,0,-0.5,-0.5,-0.5,2273,2273,1,2260,0,0,3.5,3.5,0,0,802,92.25033855
803,0,3.5,3,0,-0.5,0,-0.5,-0.5,-0.5,2267,2267,1,2254,0,0,3.5,3.5,0,0,803,92.3354001
804,0,3.5,3,0,-0.5,0,-0.5,-0.5,-0.5,2267,2267,1,2250,0,0,3.5,3.5,0,0,804,92.413131
805,0,3.5,3,0,-0.5,0,-0.5,-0.5,-0.5,2258,2258,1,2245,0,0,3.5,3.5,0,0,805,92.49814224
806,0,3.5,3,0,-0.5,0,-0.5,-0.5,-0.5,2255,2255,1,2242,0,0,3.5,3.5,0,0,806,92.58282733
807,0,3.5,3,0,-0.5,0,-0.5,-0.5,-0.5,2255,2255,1,2241,0,0,3.5,3.5,0,0,807,92.66052079
808,0,3.5,3,0,-0.5,0,-0.5,-0.5,-0.5,2245.5,2245.5,1,2231,0,0,3.5,3.5,0,0,808,92.74559999
809,0,3.5,3,0,-0.5,0,-0.5,-0.5,-0.5,2245,2245,1,2232,0,0,3.5,3.5,0,0,809,92.83051276
810,0,3.5,3,0,-0.5,0,-0.5,-0.5,-0.5,2245,2245,1,2242,0,0,3.5,3.5,0,0,810,92.92664671
811,0,3.5,3,0,-0.5,0,-0.5,-0.5,-0.5,2232,2232,1,2219,0,0,3.5,3.5,0,0,811,93.01196456
812,0,3.5,3,0,-0.5,0,-0.5,-0.5,-0.5,2232,2232,1,2221,0,0,3.5,3.5,0,0,812,93.09780192
813,0,3.5,3,0,-0.5,0,-0.5,-0.5,-0.5,2220,2220,1,2207,0,0,3.5,3.5,0,0,813,93.18275619
814,0,3.5,3,0,-0.5,0,-0.5,-0.5,-0.5,2219,2219,1,2206,0,0,3.5,3.5,0,0,814,93.26762915
815,0,3.5,3,0,-0.5,0,-0.5,-0.5,-0.5,2219,2219,1,2206,0,0,3.5,3.5,0,0,815,93.3534708
816,0,3.5,3,0,-0.5,0,-0.5,-0.5,-0.5,2196,2196,1,2183,0,0,3.5,3.5,0,0,816,93.43903422
817,0,3.5,3,0,-0.5,0,-0.5,-0.5,-0.5,2194,2194,1,2181,0,0,3.5,3.5,0,0,817,93.52379298
818,0,3.5,3,0,-0.5,0,-0.5,-0.5,-0.5,2194,2194,1,2175,0,0,3.5,3.5,0,0,818,93.60159254
819,0,3.5,3,0,-0.5,0,-0.5,-0.5,-0.5,2184,2184,1,2171,0,0,3.5,3.5,0,0,819,93.68659163
820,0,3.5,3,0,-0.5,0,-0.5,-0.5,-0.5,2184,2184,1,2165,0,0,3.5,3.5,0,0,820,93.77226186
821,0,3.5,3,0,-0.5,0,-0.5,-0.5,-0.5,2172,2172,1,2159,0,0,3.5,3.5,0,0,821,93.85737371
822,0,3.5,3,0,-0.5,0,-0.5,-0.5,-0.5,2172,2172,1,2152,0,0,3.5,3.5,0,0,822,93.94295454
823,0,3.5,3,0,-0.5,0,-0.5,-0.5,-0.5,2164,2164,1,2151,0,0,3.5,3.5,0,0,823,94.02769923
824,0,3.5,3,0,-0.5,0,-0.5,-0.5,-0.5,2160,2160,1,2147,0,0,3.5,3.5,0,0,824,94.12253976
825,0,3.5,3,0,-0.5,0,-0.5,-0.5,-0.5,2160,2160,1,2161,0,0,3.5,3.5,0,0,825,94.20052576
826,0,3.5,3,0,-0.5,0,-0.5,-0.5,-0.5,2155,2155,1,2142,0,0,3.5,3.5,0,0,826,94.28517365
827,0,3.5,3,0,-0.5,0,-0.5,-0.5,-0.5,2154,2154,1,2141,0,0,3.5,3.5,0,0,827,94.36977148
828,0,3.5,3,0,-0.5,0,-0.5,-0.5,-0.5,2152,2152,1,2139,0,0,3.5,3.5,0,0,828,94.45435739
829,0,3.5,3,0,-0.5,0,-0.5,-0.5,-0.5,2152,2152,1,2133,0,0,3.5,3.5,0,0,829,94.53215313
830,0,3.5,3,0,-0.5,0,-0.5,-0.5,-0.5,2143.5,2143.5,1,2127,0,0,3.5,3.5,0,0,830,94.61710215
831,0,3.5,3,0,-0.5,0,-0.5,-0.5,-0.5,2141,2141,1,2128,0,0,3.5,3.5,0,0,831,94.70183372
832,0,3.5,3,0,-0.5,0,-0.5,-0.5,-0.5,2141,2141,1,2136,0,0,3.5,3.5,0,0,832,94.78767276
833,0,3.5,3,0,-0.5,0,-0.5,-0.5,-0.5,2134.5,2134.5,1,2120,0,0,3.5,3.5,0,0,833,94.87283063
834,0,3.5,3,0,-0.5,0,-0.5,-0.5,-0.5,2132.5,2132.5,1,2118,0,0,3.5,3.5,0,0,834,94.95753956
835,0,3.5,3,0,-0.5,0,-0.5,-0.5,-0.5,2131.5,2131.5,1,2117,0,0,3.5,3.5,0,0,835,95.042171
836,0,3.5,3,0,-0.5,0,-0.5,-0.5,-0.5,2131.5,2131.5,1,2122,0,0,3.5,3.5,0,0,836,95.11185956
837,0,3.5,3,0,-0.5,0,-0.5,-0.5,-0.5,2128.5,2128.5,1,2114,0,0,3.5,3.5,0,0,837,95.19683695
838,0,3.5,3,0,-0.5,0,-0.5,-0.5,-0.5,2127.5,2127.5,1,2113,0,0,3.5,3.5,0,0,838,95.28257155
839,0,3.5,3,0,-0.5,0,-0.5,-0.5,-0.5,2127.5,2127.5,1,2112,0,0,3.5,3.5,0,0,839,95.35239005
840,0,3.5,3,0,-0.5,0,-0.5,-0.5,-0.5,2123.5,2123.5,1,2109,0,0,3.5,3.5,0,0,840,95.43726802
841,0,3.5,3,0,-0.5,0,-0.5,-0.5,-0.5,2123.5,2123.5,1,2116,0,0,3.5,3.5,0,0,841,95.52318621
842,0,3.5,4,0,0.5,0,0.5,0.5,0.5,2123.5,8613,3,13622,0,0,3.5,3.5,0,0,842,95.60893011
843,0,3.5,3,0,-0.5,0,-0.5,-0.5,-0.5,2773.666667,2773.666667,1,2704,0,0,3.5,3.5,0,0,843,96.27450514
844,0,3.5,3,0,-0.5,0,-0.5,-0.5,-0.5,2417.666667,2417.666667,1,2410,0,0,3.5,3.5,0,0,844,96.50531244
845,0,3.5,3,0,-0.5,0,-0.5,-0.5,-0.5,2390.5,2390.5,1,2387,0,0,3.5,3.5,0,0,845,96.6228478
846,0,3.5,3,0,-0.5,0,-0.5,-0.5,-0.5,2387.5,2387.5,1,2384,0,0,3.5,3.5,0,0,846,96.71640038
847,0,3.5,3,0,-0.5,0,-0.5,-0.5,-0.5,2387.5,2387.5,1,2378,0,0,3.5,3.5,0,0,847,96.80272675
848,0,3.5,3,0,-0.5,0,-0.5,-0.5,-0.5,2381.5,2381.5,1,2378,0,0,3.5,3.5,0,0,848,96.88811755
849,0,3.5,3,0,-0.5,0,-0.5,-0.5,-0.5,2380.5,2380.5,1,2377,0,0,3.5,3.5,0,0,849,96.97321415
850,0,3.5,3,0,-0.5,0,-0.5,-0.5,-0.5,2380.5,2380.5,1,2375,0,0,3.5,3.5,0,0,850,97.04303217
851,0,3.5,3,0,-0.5,0,-0.5,-0.5,-0.5,2361.5,2361.5,1,2358,0,0,3.5,3.5,0,0,851,97.1282444
852,0,3.5,3,0,-0.5,0,-0.5,-0.5,-0.5,2361.5,2361.5,1,2349,0,0,3.5,3.5,0,0,852,97.21431327
853,0,3.5,3,0,-0.5,0,-0.5,-0.5,-0.5,2351.5,2351.5,1,2348,0,0,3.5,3.5,0,0,853,97.29937315
854,0,3.5,3,0,-0.5,0,-0.5,-0.5,-0.5,2350.5,2350.5,1,2347,0,0,3.5,3.5,0,0,854,97.38428187
855,0,3.5,3,0,-0.5,0,-0.5,-0.5,-0.5,2350.5,2350.5,1,2345,0,0,3.5,3.5,0,0,855,97.45412922
856,0,3.5,3,0,-0.5,0,-0.5,-0.5,-0.5,2338.5,2338.5,1,2335,0,0,3.5,3.5,0,0,856,97.53959131
857,0,3.5,3,0,-0.5,0,-0.5,-0.5,-0.5,2333.5,2333.5,1,2330,0,0,3.5,3.5,0,0,857,97.62473369
858,0,3.5,3,0,-0.5,0,-0.5,-0.5,-0.5,2333.5,2333.5,1,2328,0,0,3.5,3.5,0,0,858,97.70253611
859,0,3.5,3,0,-0.5,0,-0.5,-0.5,-0.5,2319.5,2319.5,1,2316,0,0,3.5,3.5,0,0,859,97.79872108
860,0,3.5,3,0,-0.5,0,-0.5,-0.5,-0.5,2318.5,2318.5,1,2315,0,0,3.5,3.5,0,0,860,97.88362122
861,0,3.5,3,0,-0.5,0,-0.5,-0.5,-0.5,2318.5,2318.5,1,2316,0,0,3.5,3.5,0,0,861,97.95334911
862,0,3.5,3,0,-0.5,0,-0.5,-0.5,-0.5,2315.5,2315.5,1,2312,0,0,3.5,3.5,0,0,862,98.03827453
863,0,3.5,3,0,-0.5,0,-0.5,-0.5,-0.5,2315.5,2315.5,1,2311,0,0,3.5,3.5,0,0,863,98.12412739
864,0,3.5,3,0,-0.5,0,-0.5,-0.5,-0.5,2313.5,2313.5,1,2310,0,0,3.5,3.5,0,0,864,98.2092154
865,0,3.5,3,0,-0.5,0,-0.5,-0.5,-0.5,2313.5,2313.5,1,2306,0,0,3.5,3.5,0,0,865,98.29520726
866,0,3.5,3,0,-0.5,0,-0.5,-0.5,-0.5,2298.5,2298.5,1,2295,0,0,3.5,3.5,0,0,866,98.38057828
867,0,3.5,3,0,-0.5,0,-0.5,-0.5,-0.5,2295.5,2295.5,1,2292,0,0,3.5,3.5,0,0,867,98.46571493
868,0,3.5,3,0,-0.5,0,-0.5,-0.5,-0.5,2293.5,2293.5,1,2290,0,0,3.5,3.5,0,0,868,98.55060148
869,0,3.5,3,0,-0.5,0,-0.5,-0.5,-0.5,2293.5,2293.5,1,2289,0,0,3.5,3.5,0,0,869,98.64695024
870,0,3.5,3,0,-0.5,0,-0.5,-0.5,-0.5,2287.5,2287.5,1,2284,0,0,3.5,3.5,0,0,870,98.73198438
871,0,3.5,3,0,-0.5,0,-0.5,-0.5,-0.5,2286.5,2286.5,1,2283,0,0,3.5,3.5,0,0,871,98.8169601
872,0,3.5,3,0,-0.5,0,-0.5,-0.5,-0.5,2286.5,2286.5,1,2294,0,0,3.5,3.5,0,0,872,98.88680553
873,0,3.5,3,0,-0.5,0,-0.5,-0.5,-0.5,2284.5,2284.5,1,2281,0,0,3.5,3.5,0,0,873,98.97167873
874,0,3.5,3,0,-0.5,0,-0.5,-0.5,-0.5,2284.5,2284.5,1,2289,0,0,3.5,3.5,0,0,874,99.04952741
875,0,3.5,3,0,-0.5,0,-0.5,-0.5,-0.5,2281.5,2281.5,1,2278,0,0,3.5,3.5,0,0,875,99.13455415
876,0,3.5,3,0,-0.5,0,-0.5,-0.5,-0.5,2281.5,2281.5,1,2277,0,0,3.5,3.5,0,0,876,99.2203002
877,0,3.5,3,0,-0.5,0,-0.5,-0.5,-0.5,2280.5,2280.5,1,2277,0,0,3.5,3.5,0,0,877,99.3053751
878,0,3.5,3,0,-0.5,0,-0.5,-0.5,-0.5,2280.5,2280.5,1,2281,0,0,3.5,3.5,0,0,878,99.39141107
879,0,3.5,3,0,-0.5,0,-0.5,-0.5,-0.5,2280.5,8730.5,3,19329,0,0,3.5,3.5,0,0,879,99.47746396
880,0,3.5,3,0,-0.5,0,-0.5,-0.5,-0.5,2873.166667,2873.166667,1,2775,0,0,3.5,3.5,0,0,880,100.5427625
881,0,3.5,3,0,-0.5,0,-0.5,-0.5,-0.5,2477,2477,1,2458,0,0,3.5,3.5,0,0,881,100.8016765
882,0,3.5,3,0,-0.5,0,-0.5,-0.5,-0.5,2433,2433,1,2423,0,0,3.5,3.5,0,0,882,100.9291492
883,0,3.5,3,0,-0.5,0,-0.5,-0.5,-0.5,2433,2433,1,2426,0,0,3.5,3.5,0,0,883,101.0155752
884,0,3.5,3,0,-0.5,0,-0.5,-0.5,-0.5,2429,2429,1,2419,0,0,3.5,3.5,0,0,884,101.1009531
885,0,3.5,3,0,-0.5,0,-0.5,-0.5,-0.5,2429,2429,1,2408,0,0,3.5,3.5,0,0,885,101.1871171
886,0,3.5,3,0,-0.5,0,-0.5,-0.5,-0.5,2411,2411,1,2402,0,0,3.5,3.5,0,0,886,101.272788
887,0,3.5,3,0,-0.5,0,-0.5,-0.5,-0.5,2405,2405,1,2396,0,0,3.5,3.5,0,0,887,101.357904
888,0,3.5,3,0,-0.5,0,-0.5,-0.5,-0.5,2405,2405,1,2393,0,0,3.5,3.5,0,0,888,101.4440224
889,0,3.5,3,0,-0.5,0,-0.5,-0.5,-0.5,2400.5,2400.5,1,2390,0,0,3.5,3.5,0,0,889,101.5293858
890,0,3.5,3,0,-0.5,0,-0.5,-0.5,-0.5,2397,2397,1,2386,0,0,3.5,3.5,0,0,890,101.6147332
891,0,3.5,3,0,-0.5,0,-0.5,-0.5,-0.5,2397,2397,1,2390,0,0,3.5,3.5,0,0,891,101.684638
892,0,3.5,3,0,-0.5,0,-0.5,-0.5,-0.5,2390,2390,1,2379,0,0,3.5,3.5,0,0,892,101.7699158
893,0,3.5,3,0,-0.5,0,-0.5,-0.5,-0.5,2390,2390,1,2391,0,0,3.5,3.5,0,0,893,101.8477321
894,0,3.5,3,0,-0.5,0,-0.5,-0.5,-0.5,2390,8762,3,18998,0,0,3.5,3.5,0,0,894,101.9337983
895,0,3.5,3,0,-0.5,0,-0.5,-0.5,-0.5,2830.166667,2830.166667,1,2776,0,0,3.5,3.5,0,0,895,102.8292639
896,0,3.5,3,0,-0.5,0,-0.5,-0.5,-0.5,2341.5,2341.5,1,2329,0,0,3.5,3.5,0,0,896,103.084198
897,0,3.5,3,0,-0.5,0,-0.5,-0.5,-0.5,2262.5,2262.5,1,2255,0,0,3.5,3.5,0,0,897,103.2219346
898,0,3.5,3,0,-0.5,0,-0.5,-0.5,-0.5,2254.5,2254.5,1,2251,0,0,3.5,3.5,0,0,898,103.3191757
899,0,3.5,3,0,-0.5,0,-0.5,-0.5,-0.5,2254.5,2254.5,1,2258,0,0,3.5,3.5,0,0,899,103.4051554
900,0,3.5,3,0,-0.5,0,-0.5,-0.5,-0.5,2245.5,2245.5,1,2242,0,0,3.5,3.5,0,0,900,103.4900937
901,0,3.5,3,0,-0.5,0,-0.5,-0.5,-0.5,2245.5,2245.5,1,2238,0,0,3.5,3.5,0,0,901,103.5758355
902,0,3.5,3,0,-0.5,0,-0.5,-0.5,-0.5,2224.5,2224.5,1,2220,0,0,3.5,3.5,0,0,902,103.6690221
903,0,3.5,3,0,-0.5,0,-0.5,-0.5,-0.5,2222.5,2222.5,1,2218,0,0,3.5,3.5,0,0,903,103.7538707
904,0,3.5,3,0,-0.5,0,-0.5,-0.5,-0.5,2222.5,2222.5,1,2229,0,0,3.5,3.5,0,0,904,103.8399432
905,0,3.5,4,0,0.5,0,0.5,0.5,0.5,2222.5,8688,3,13873,0,0,3.5,3.5,0,0,905,103.9176805
906,0,3.5,3,0,-0.5,0,-0.5,-0.5,-0.5,2727.666667,2727.666667,1,2679,0,0,3.5,3.5,0,0,906,104.4062889
907,0,3.5,3,0,-0.5,0,-0.5,-0.5,-0.5,2295.5,2295.5,1,2292,0,0,3.5,3.5,0,0,907,104.6400278
908,0,3.5,3,0,-0.5,0,-0.5,-0.5,-0.5,2267.5,2267.5,1,2264,0,0,3.5,3.5,0,0,908,104.7674046
909,0,3.5,3,0,-0.5,0,-0.5,-0.5,-0.5,2267.5,2267.5,1,2263,0,0,3.5,3.5,0,0,909,104.8643911
910,0,3.5,3,0,-0.5,0,-0.5,-0.5,-0.5,2255.5,2255.5,1,2252,0,0,3.5,3.5,0,0,910,104.9567094
911,0,3.5,3,0,-0.5,0,-0.5,-0.5,-0.5,2255.5,2255.5,1,2255,0,0,3.5,3.5,0,0,911,105.0422628
912,0,3.5,3,0,-0.5,0,-0.5,-0.5,-0.5,2243.5,2243.5,1,2240,0,0,3.5,3.5,0,0,912,105.1269338
913,0,3.5,3,0,-0.5,0,-0.5,-0.5,-0.5,2243.5,2243.5,1,2246,0,0,3.5,3.5,0,0,913,105.2123847
914,0,3.5,3,0,-0.5,0,-0.5,-0.5,-0.5,2232.5,2232.5,1,2229,0,0,3.5,3.5,0,0,914,105.2972283
915,0,3.5,3,0,-0.5,0,-0.5,-0.5,-0.5,2228.5,2228.5,1,2225,0,0,3.5,3.5,0,0,915,105.381588
916,0,3.5,3,0,-0.5,0,-0.5,-0.5,-0.5,2228.5,2228.5,1,2235,0,0,3.5,3.5,0,0,916,105.4591169
917,0,3.5,3,0,-0.5,0,-0.5,-0.5,-0.5,2221.5,2221.5,1,2218,0,0,3.5,3.5,0,0,917,105.5478323
918,0,3.5,3,0,-0.5,0,-0.5,-0.5,-0.5,2220.5,2220.5,1,2217,0,0,3.5,3.5,0,0,918,105.6323438
919,0,3.5,3,0,-0.5,0,-0.5,-0.5,-0.5,2220.5,2220.5,1,2218,0,0,3.5,3.5,0,0,919,105.702019
920,0,3.5,3,0,-0.5,0,-0.5,-0.5,-0.5,2219.5,2219.5,1,2216,0,0,3.5,3.5,0,0,920,105.7865064
921,0,3.5,3,0,-0.5,0,-0.5,-0.5,-0.5,2219.5,2219.5,1,2215,0,0,3.5,3.5,0,0,921,105.8560636
922,0,3.5,3,0,-0.5,0,-0.5,-0.5,-0.5,2205.5,2205.5,1,2202,0,0,3.5,3.5,0,0,922,105.9408462
923,0,3.5,3,0,-0.5,0,-0.5,-0.5,-0.5,2203.5,2203.5,1,2200,0,0,3.5,3.5,0,0,923,106.025219
924,0,3.5,3,0,-0.5,0,-0.5,-0.5,-0.5,2203.5,2203.5,1,2199,0,0,3.5,3.5,0,0,924,106.0947523
925,0,3.5,3,0,-0.5,0,-0.5,-0.5,-0.5,2194.5,2194.5,1,2191,0,0,3.5,3.5,0,0,925,106.1793661
926,0,3.5,3,0,-0.5,0,-0.5,-0.5,-0.5,2194.5,2194.5,1,2194,0,0,3.5,3.5,0,0,926,106.2648177
927,0,3.5,3,0,-0.5,0,-0.5,-0.5,-0.5,2191.5,2191.5,1,2188,0,0,3.5,3.5,0,0,927,106.3413229
928,0,3.5,3,0,-0.5,0,-0.5,-0.5,-0.5,2190.5,2190.5,1,2187,0,0,3.5,3.5,0,0,928,106.4255211
929,0,3.5,3,0,-0.5,0,-0.5,-0.5,-0.5,2190.5,2190.5,1,2187,0,0,3.5,3.5,0,0,929,106.4950368
930,0,3.5,3,0,-0.5,0,-0.5,-0.5,-0.5,2172.5,2172.5,1,2169,0,0,3.5,3.5,0,0,930,106.5874796
931,0,3.5,3,0,-0.5,0,-0.5,-0.5,-0.5,2171.5,2171.5,1,2168,0,0,3.5,3.5,0,0,931,106.671828
932,0,3.5,3,0,-0.5,0,-0.5,-0.5,-0.5,2171.5,2171.5,1,2174,0,0,3.5,3.5,0,0,932,106.7414384
933,0,3.5,3,0,-0.5,0,-0.5,-0.5,-0.5,2163.5,2163.5,1,2160,0,0,3.5,3.5,0,0,933,106.8263237
934,0,3.5,3,0,-0.5,0,-0.5,-0.5,-0.5,2163.5,2163.5,1,2165,0,0,3.5,3.5,0,0,934,106.9120455
935,0,3.5,3,0,-0.5,0,-0.5,-0.5,-0.5,2157.5,2157.5,1,2154,0,0,3.5,3.5,0,0,935,106.9966891
936,0,3.5,3,0,-0.5,0,-0.5,-0.5,-0.5,2155.5,2155.5,1,2152,0,0,3.5,3.5,0,0,936,107.0809708
937,0,3.5,3,0,-0.5,0,-0.5,-0.5,-0.5,2155.5,2155.5,1,2155,0,0,3.5,3.5,0,0,937,107.1505907
938,0,3.5,3,0,-0.5,0,-0.5,-0.5,-0.5,2145.5,2145.5,1,2142,0,0,3.5,3.5,0,0,938,107.2355697
939,0,3.5,3,0,-0.5,0,-0.5,-0.5,-0.5,2142.5,2142.5,1,2139,0,0,3.5,3.5,0,0,939,107.3199682
940,0,3.5,3,0,-0.5,0,-0.5,-0.5,-0.5,2142.5,2142.5,1,2140,0,0,3.5,3.5,0,0,940,107.4055529
941,0,3.5,3,0,-0.5,0,-0.5,-0.5,-0.5,2128.5,2128.5,1,2125,0,0,3.5,3.5,0,0,941,107.4901295
942,0,3.5,3,0,-0.5,0,-0.5,-0.5,-0.5,2128.5,2128.5,1,2128,0,0,3.5,3.5,0,0,942,107.5754619
943,0,3.5,3,0,-0.5,0,-0.5,-0.5,-0.5,2121.5,2121.5,1,2118,0,0,3.5,3.5,0,0,943,107.6602857
944,0,3.5,3,0,-0.5,0,-0.5,-0.5,-0.5,2121.5,2121.5,1,2122,0,0,3.5,3.5,0,0,944,107.7459285
945,0,3.5,3,0,-0.5,0,-0.5,-0.5,-0.5,2113.5,2113.5,1,2110,0,0,3.5,3.5,0,0,945,107.8306341
946,0,3.5,3,0,-0.5,0,-0.5,-0.5,-0.5,2113.5,2113.5,1,2114,0,0,3.5,3.5,0,0,946,107.9160693
947,0,3.5,3,0,-0.5,0,-0.5,-0.5,-0.5,2103.5,2103.5,1,2100,0,0,3.5,3.5,0,0,947,108.0007155
948,0,3.5,3,0,-0.5,0,-0.5,-0.5,-0.5,2103.5,2103.5,1,2101,0,0,3.5,3.5,0,0,948,108.0948479
949,0,3.5,3,0,-0.5,0,-0.5,-0.5,-0.5,2101.5,2101.5,1,2098,0,0,3.5,3.5,0,0,949,108.1793561
950,0,3.5,3,0,-0.5,0,-0.5,-0.5,-0.5,2101.5,2101.5,1,2094,0,0,3.5,3.5,0,0,950,108.2647769
951,0,3.5,3,0,-0.5,0,-0.5,-0.5,-0.5,2099.5,2099.5,1,2096,0,0,3.5,3.5,0,0,951,108.349499
952,0,3.5,3,0,-0.5,0,-0.5,-0.5,-0.5,2099.5,2099.5,1,2100,0,0,3.5,3.5,0,0,952,108.4349232
953,0,3.5,3,0,-0.5,0,-0.5,-0.5,-0.5,2096.5,2096.5,1,2093,0,0,3.5,3.5,0,0,953,108.5193784
954,0,3.5,3,0,-0.5,0,-0.5,-0.5,-0.5,2096.5,2096.5,1,2096,0,0,3.5,3.5,0,0,954,108.6049325
955,0,3.5,3,0,-0.5,0,-0.5,-0.5,-0.5,2094.5,2094.5,1,2089,0,0,3.5,3.5,0,0,955,108.6894965
956,0,3.5,3,0,-0.5,0,-0.5,-0.5,-0.5,2094.5,2094.5,1,2096,0,0,3.5,3.5,0,0,956,108.7748945
957,0,3.5,4,0,0.5,0,0.5,0.5,0.5,2094.5,8736,3,14009,0,0,3.5,3.5,0,0,957,108.844722
958,0,3.5,3,0,-0.5,0,-0.5,-0.5,-0.5,2708.666667,2708.666667,1,2626,0,0,3.5,3.5,0,0,958,109.4321375
959,0,3.5,3,0,-0.5,0,-0.5,-0.5,-0.5,2287,2287,1,2264,0,0,3.5,3.5,0,0,959,109.6638963
960,0,3.5,3,0,-0.5,0,-0.5,-0.5,-0.5,2234.5,2234.5,1,2225,0,0,3.5,3.5,0,0,960,109.7926118
961,0,3.5,3,0,-0.5,0,-0.5,-0.5,-0.5,2230.5,2230.5,1,2221,0,0,3.5,3.5,0,0,961,109.8923895
962,0,3.5,3,0,-0.5,0,-0.5,-0.5,-0.5,2230.5,2230.5,1,2227,0,0,3.5,3.5,0,0,962,109.98821
963,0,3.5,3,0,-0.5,0,-0.5,-0.5,-0.5,2216.5,2216.5,1,2207,0,0,3.5,3.5,0,0,963,110.0733962
964,0,3.5,3,0,-0.5,0,-0.5,-0.5,-0.5,2216.5,2216.5,1,2204,0,0,3.5,3.5,0,0,964,110.1590588
965,0,3.5,3,0,-0.5,0,-0.5,-0.5,-0.5,2208.5,2208.5,1,2199,0,0,3.5,3.5,0,0,965,110.2440822
966,0,3.5,3,0,-0.5,0,-0.5,-0.5,-0.5,2207.5,2207.5,1,2198,0,0,3.5,3.5,0,0,966,110.3285666
967,0,3.5,3,0,-0.5,0,-0.5,-0.5,-0.5,2207.5,2207.5,1,2203,0,0,3.5,3.5,0,0,967,110.3982024
968,0,3.5,3,0,-0.5,0,-0.5,-0.5,-0.5,2204.5,2204.5,1,2195,0,0,3.5,3.5,0,0,968,110.4828253
969,0,3.5,3,0,-0.5,0,-0.5,-0.5,-0.5,2204.5,2204.5,1,2197,0,0,3.5,3.5,0,0,969,110.5685277
970,0,3.5,3,0,-0.5,0,-0.5,-0.5,-0.5,2197.5,2197.5,1,2188,0,0,3.5,3.5,0,0,970,110.653125
971,0,3.5,3,0,-0.5,0,-0.5,-0.5,-0.5,2195.5,2195.5,1,2186,0,0,3.5,3.5,0,0,971,110.7378178
972,0,3.5,3,0,-0.5,0,-0.5,-0.5,-0.5,2195.5,2195.5,1,2177,0,0,3.5,3.5,0,0,972,110.8233314
973,0,3.5,3,0,-0.5,0,-0.5,-0.5,-0.5,2171.5,2171.5,1,2162,0,0,3.5,3.5,0,0,973,110.908766
974,0,3.5,3,0,-0.5,0,-0.5,-0.5,-0.5,2167.5,2167.5,1,2158,0,0,3.5,3.5,0,0,974,110.9937053
975,0,3.5,3,0,-0.5,0,-0.5,-0.5,-0.5,2167.5,2167.5,1,2156,0,0,3.5,3.5,0,0,975,111.0714624
976,0,3.5,3,0,-0.5,0,-0.5,-0.5,-0.5,2149.5,2149.5,1,2140,0,0,3.5,3.5,0,0,976,111.1562827
977,0,3.5,3,0,-0.5,0,-0.5,-0.5,-0.5,2145.5,2145.5,1,2136,0,0,3.5,3.5,0,0,977,111.2411249
978,0,3.5,3,0,-0.5,0,-0.5,-0.5,-0.5,2145.5,2145.5,1,2138,0,0,3.5,3.5,0,0,978,111.3106818
979,0,3.5,3,0,-0.5,0,-0.5,-0.5,-0.5,2134.5,2134.5,1,2125,0,0,3.5,3.5,0,0,979,111.3955631
980,0,3.5,3,0,-0.5,0,-0.5,-0.5,-0.5,2129.5,2129.5,1,2120,0,0,3.5,3.5,0,0,980,111.4800255
981,0,3.5,3,0,-0.5,0,-0.5,-0.5,-0.5,2129.5,2129.5,1,2118,0,0,3.5,3.5,0,0,981,111.5656745
982,0,3.5,3,0,-0.5,0,-0.5,-0.5,-0.5,2112.5,2112.5,1,2103,0,0,3.5,3.5,0,0,982,111.6508267
983,0,3.5,3,0,-0.5,0,-0.5,-0.5,-0.5,2110.5,2110.5,1,2101,0,0,3.5,3.5,0,0,983,111.7354164
984,0,3.5,3,0,-0.5,0,-0.5,-0.5,-0.5,2110.5,2110.5,1,2102,0,0,3.5,3.5,0,0,984,111.8128831
985,0,3.5,3,0,-0.5,0,-0.5,-0.5,-0.5,2102.5,2102.5,1,2093,0,0,3.5,3.5,0,0,985,111.8974068
986,0,3.5,3,0,-0.5,0,-0.5,-0.5,-0.5,2102.5,2102.5,1,2103,0,0,3.5,3.5,0,0,986,111.98277
987,0,3.5,3,0,-0.5,0,-0.5,-0.5,-0.5,2090.5,2090.5,1,2081,0,0,3.5,3.5,0,0,987,112.0675907
988,0,3.5,3,0,-0.5,0,-0.5,-0.5,-0.5,2090.5,2090.5,1,2085,0,0,3.5,3.5,0,0,988,112.1532598
989,0,3.5,3,0,-0.5,0,-0.5,-0.5,-0.5,2088.5,2088.5,1,2079,0,0,3.5,3.5,0,0,989,112.237931
990,0,3.5,3,0,-0.5,0,-0.5,-0.5,-0.5,2088.5,2088.5,1,2081,0,0,3.5,3.5,0,0,990,112.3233154
991,0,3.5,3,0,-0.5,0,-0.5,-0.5,-0.5,2082.5,2082.5,1,2073,0,0,3.5,3.5,0,0,991,112.4079742
992,0,3.5,3,0,-0.5,0,-0.5,-0.5,-0.5,2082.5,2082.5,1,2082,0,0,3.5,3.5,0,0,992,112.4853663
993,0,3.5,3,0,-0.5,0,-0.5,-0.5,-0.5,2081.5,2081.5,1,2072,0,0,3.5,3.5,0,0,993,112.5698624
994,0,3.5,3,0,-0.5,0,-0.5,-0.5,-0.5,2079.5,2079.5,1,2070,0,0,3.5,3.5,0,0,994,112.6542721
995,0,3.5,3,0,-0.5,0,-0.5,-0.5,-0.5,2079.5,2079.5,1,2071,0,0,3.5,3.5,0,0,995,112.7238078
996,0,3.5,3,0,-0.5,0,-0.5,-0.5,-0.5,2073.5,2073.5,1,2064,0,0,3.5,3.5,0,0,996,112.8085086
997,0,3.5,3,0,-0.5,0,-0.5,-0.5,-0.5,2072.5,2072.5,1,2063,0,0,3.5,3.5,0,0,997,112.8931954
998,0,3.5,3,0,-0.5,0,-0.5,-0.5,-0.5,2072.5,2072.5,1,2066,0,0,3.5,3.5,0,0,998,112.9627447
999,0,3.5,3,0,-0.5,0,-0.5,-0.5,-0.5,2067.5,2067.5,1,2058,0,0,3.5,3.5,0,0,999,113.0472157
1000,0,3.5,3,0,-0.5,0,-0.5,-0.5,-0.5,2065.5,2065.5,1,2056,0,0,3.5,3.5,0,0,1000,113.1315718
1001,0,3.5,3,0,-0.5,0,-0.5,-0.5,-0.5,2065.5,2065.5,1,2048,0,0,3.5,3.5,0,0,1001,113.2168746
1002,0,3.5,3,0,-0.5,0,-0.5,-0.5,-0.5,2047.5,2047.5,1,2038,0,0,3.5,3.5,0,0,1002,113.3015063
1003,0,3.5,3,0,-0.5,0,-0.5,-0.5,-0.5,2040.5,2040.5,1,2031,0,0,3.5,3.5,0,0,1003,113.3861103
1004,0,3.5,3,0,-0.5,0,-0.5,-0.5,-0.5,2040.5,2040.5,1,2032,0,0,3.5,3.5,0,0,1004,113.471473
1005,0,3.5,3,0,-0.5,0,-0.5,-0.5,-0.5,2037.5,2037.5,1,2028,0,0,3.5,3.5,0,0,1005,113.5559459
1006,0,3.5,3,0,-0.5,0,-0.5,-0.5,-0.5,2037.5,2037.5,1,2027,0,0,3.5,3.5,0,0,1006,113.6513274
1007,0,3.5,3,0,-0.5,0,-0.5,-0.5,-0.5,2034.5,2034.5,1,2025,0,0,3.5,3.5,0,0,1007,113.7361884
1008,0,3.5,3,0,-0.5,0,-0.5,-0.5,-0.5,2034.5,2034.5,1,2035,0,0,3.5,3.5,0,0,1008,113.8322101
1009,0,3.5,3,0,-0.5,0,-0.5,-0.5,-0.5,2024.5,2024.5,1,2015,0,0,3.5,3.5,0,0,1009,113.9168162
1010,0,3.5,3,0,-0.5,0,-0.5,-0.5,-0.5,2024.5,2024.5,1,2016,0,0,3.5,3.5,0,0,1010,114.0022638
1011,0,3.5,3,0,-0.5,0,-0.5,-0.5,-0.5,2016.5,2016.5,1,2007,0,0,3.5,3.5,0,0,1011,114.0867608
1012,0,3.5,3,0,-0.5,0,-0.5,-0.5,-0.5,2016.5,2016.5,1,2008,0,0,3.5,3.5,0,0,1012,114.1642339
1013,0,3.5,3,0,-0.5,0,-0.5,-0.5,-0.5,2014.5,2014.5,1,2005,0,0,3.5,3.5,0,0,1013,114.2487993
1014,0,3.5,3,0,-0.5,0,-0.5,-0.5,-0.5,2014.5,2014.5,1,2004,0,0,3.5,3.5,0,0,1014,114.334132
1015,0,3.5,3,0,-0.5,0,-0.5,-0.5,-0.5,2013.5,2013.5,1,2004,0,0,3.5,3.5,0,0,1015,114.4185636
1016,0,3.5,3,0,-0.5,0,-0.5,-0.5,-0.5,2013.5,2013.5,1,2007,0,0,3.5,3.5,0,0,1016,114.5039859
1017,0,3.5,3,0,-0.5,0,-0.5,-0.5,-0.5,2013.5,8673.5,3,19422,0,0,3.5,3.5,0,0,1017,114.5895154
1018,0,3.5,3,0,-0.5,0,-0.5,-0.5,-0.5,2655,2655,1,2615,0,0,3.5,3.5,0,0,1018,115.2629802
1019,0,3.5,3,0,-0.5,0,-0.5,-0.5,-0.5,2267.5,2267.5,1,2259,0,0,3.5,3.5,0,0,1019,115.4878008
1020,0,3.5,3,0,-0.5,0,-0.5,-0.5,-0.5,2238.5,2238.5,1,2232,0,0,3.5,3.5,0,0,1020,115.6126938
1021,0,3.5,3,0,-0.5,0,-0.5,-0.5,-0.5,2238.5,2238.5,1,2228,0,0,3.5,3.5,0,0,1021,115.6988587
1022,0,3.5,3,0,-0.5,0,-0.5,-0.5,-0.5,2228.5,2228.5,1,2222,0,0,3.5,3.5,0,0,1022,115.790355
1023,0,3.5,3,0,-0.5,0,-0.5,-0.5,-0.5,2228.5,2228.5,1,2229,0,0,3.5,3.5,0,0,1023,115.8758807
1024,0,3.5,3,0,-0.5,0,-0.5,-0.5,-0.5,2223.5,2223.5,1,2217,0,0,3.5,3.5,0,0,1024,115.9607353
1025,0,3.5,3,0,-0.5,0,-0.5,-0.5,-0.5,2222.5,2222.5,1,2216,0,0,3.5,3.5,0,0,1025,116.0452199
1026,0,3.5,3,0,-0.5,0,-0.5,-0.5,-0.5,2222.5,2222.5,1,2222,0,0,3.5,3.5,0,0,1026,116.1148217
1027,0,3.5,3,0,-0.5,0,-0.5,-0.5,-0.5,2216.5,2216.5,1,2210,0,0,3.5,3.5,0,0,1027,116.1994817
1028,0,3.5,3,0,-0.5,0,-0.5,-0.5,-0.5,2216.5,2216.5,1,2222,0,0,3.5,3.5,0,0,1028,116.2849939
1029,0,3.5,3,0,-0.5,0,-0.5,-0.5,-0.5,2207.5,2207.5,1,2201,0,0,3.5,3.5,0,0,1029,116.3696482
1030,0,3.5,3,0,-0.5,0,-0.5,-0.5,-0.5,2203.5,2203.5,1,2197,0,0,3.5,3.5,0,0,1030,116.4541938
1031,0,3.5,3,0,-0.5,0,-0.5,-0.5,-0.5,2203.5,2203.5,1,2204,0,0,3.5,3.5,0,0,1031,116.5316706
1032,0,3.5,3,0,-0.5,0,-0.5,-0.5,-0.5,2190.5,2190.5,1,2184,0,0,3.5,3.5,0,0,1032,116.6164558
1033,0,3.5,3,0,-0.5,0,-0.5,-0.5,-0.5,2188.5,2188.5,1,2182,0,0,3.5,3.5,0,0,1033,116.7009511
1034,0,3.5,3,0,-0.5,0,-0.5,-0.5,-0.5,2188.5,2188.5,1,2182,0,0,3.5,3.5,0,0,1034,116.7704334
1035,0,3.5,3,0,-0.5,0,-0.5,-0.5,-0.5,2172.5,2172.5,1,2166,0,0,3.5,3.5,0,0,1035,116.8552101
1036,0,3.5,3,0,-0.5,0,-0.5,-0.5,-0.5,2170.5,2170.5,1,2164,0,0,3.5,3.5,0,0,1036,116.9401574
1037,0,3.5,3,0,-0.5,0,-0.5,-0.5,-0.5,2170.5,2170.5,1,2165,0,0,3.5,3.5,0,0,1037,117.0256543
1038,0,3.5,3,0,-0.5,0,-0.5,-0.5,-0.5,2158.5,2158.5,1,2152,0,0,3.5,3.5,0,0,1038,117.1107509
1039,0,3.5,3,0,-0.5,0,-0.5,-0.5,-0.5,2157.5,2157.5,1,2151,0,0,3.5,3.5,0,0,1039,117.1954172
1040,0,3.5,3,0,-0.5,0,-0.5,-0.5,-0.5,2157.5,2157.5,1,2153,0,0,3.5,3.5,0,0,1040,117.2649133
1041,0,3.5,3,0,-0.5,0,-0.5,-0.5,-0.5,2141.5,2141.5,1,2135,0,0,3.5,3.5,0,0,1041,117.3497703
1042,0,3.5,3,0,-0.5,0,-0.5,-0.5,-0.5,2140.5,2140.5,1,2134,0,0,3.5,3.5,0,0,1042,117.4343619
1043,0,3.5,3,0,-0.5,0,-0.5,-0.5,-0.5,2140.5,2140.5,1,2143,0,0,3.5,3.5,0,0,1043,117.5121422
1044,0,3.5,2,0,-1.5,0,-1.5,-1.5,-1.5,2140.5,8577.5,3,23116,0,0,3.5,3.5,0,0,1044,117.5986784
1045,0,3.5,3,0,-0.5,0,-0.5,-0.5,-0.5,2602.166667,2602.166667,1,2550,0,0,3.5,3.5,0,0,1045,118.3846252
1046,0,3.5,3,0,-0.5,0,-0.5,-0.5,-0.5,2272,2272,1,2263,0,0,3.5,3.5,0,0,1046,118.6133115
1047,0,3.5,3,0,-0.5,0,-0.5,-0.5,-0.5,2254.5,2254.5,1,2248,0,0,3.5,3.5,0,0,1047,118.7263238
1048,0,3.5,3,0,-0.5,0,-0.5,-0.5,-0.5,2252.5,2252.5,1,2246,0,0,3.5,3.5,0,0,1048,118.8114576
1049,0,3.5,3,0,-0.5,0,-0.5,-0.5,-0.5,2252.5,2252.5,1,2251,0,0,3.5,3.5,0,0,1049,118.8892603
1050,0,3.5,3,0,-0.5,0,-0.5,-0.5,-0.5,2240.5,2240.5,1,2234,0,0,3.5,3.5,0,0,1050,118.9745979
1051,0,3.5,3,0,-0.5,0,-0.5,-0.5,-0.5,2233.5,2233.5,1,2227,0,0,3.5,3.5,0,0,1051,119.0593979
1052,0,3.5,3,0,-0.5,0,-0.5,-0.5,-0.5,2233.5,2233.5,1,2228,0,0,3.5,3.5,0,0,1052,119.1451554
1053,0,3.5,3,0,-0.5,0,-0.5,-0.5,-0.5,2220.5,2220.5,1,2214,0,0,3.5,3.5,0,0,1053,119.2300534
1054,0,3.5,3,0,-0.5,0,-0.5,-0.5,-0.5,2217.5,2217.5,1,2211,0,0,3.5,3.5,0,0,1054,119.3148174
1055,0,3.5,3,0,-0.5,0,-0.5,-0.5,-0.5,2217.5,2217.5,1,2215,0,0,3.5,3.5,0,0,1055,119.400368
1056,0,3.5,3,0,-0.5,0,-0.5,-0.5,-0.5,2217.5,2217.5,1,2211,0,0,3.5,3.5,0,0,1056,119.4851518
1057,0,3.5,3,0,-0.5,0,-0.5,-0.5,-0.5,2217.5,2217.5,1,2213,0,0,3.5,3.5,0,0,1057,119.5547049
1058,0,3.5,3,0,-0.5,0,-0.5,-0.5,-0.5,2216.5,2216.5,1,2210,0,0,3.5,3.5,0,0,1058,119.6396208
1059,0,3.5,3,0,-0.5,0,-0.5,-0.5,-0.5,2216.5,2216.5,1,2211,0,0,3.5,3.5,0,0,1059,119.7253592
1060,0,3.5,3,0,-0.5,0,-0.5,-0.5,-0.5,2213.5,2213.5,1,2207,0,0,3.5,3.5,0,0,1060,119.8101187
1061,0,3.5,3,0,-0.5,0,-0.5,-0.5,-0.5,2213.5,2213.5,1,2207,0,0,3.5,3.5,0,0,1061,119.8958418
1062,0,3.5,3,0,-0.5,0,-0.5,-0.5,-0.5,2210.5,2210.5,1,2204,0,0,3.5,3.5,0,0,1062,119.9806314
1063,0,3.5,3,0,-0.5,0,-0.5,-0.5,-0.5,2210.5,2210.5,1,2204,0,0,3.5,3.5,0,0,1063,120.0502484
